"id","l10n_id_ebupot_facility","l10n_id_ebupot_code","active","description","is_base_affected","invoice_label","type_tax_use","tax_group_id","name","amount_type","amount","fiscal_position_ids","repartition_line_ids/repartition_type","repartition_line_ids/tag_ids","repartition_line_ids/factor_percent","repartition_line_ids/document_type","repartition_line_ids/account_id","original_tax_ids"
"tax_ST4","","","","Taxable Goods Other Than Luxury Goods","","12%","sale","l10n_id_tax_group_non_luxury_goods","12% (Non-Luxury Good)","percent","11.0","l10n_id_domestic_fiscal_position","base","","","invoice","",""
"","","","","","","","","","","","","","tax","","","invoice","l10n_id_21221010",""
"","","","","","","","","","","","","","base","","","refund","",""
"","","","","","","","","","","","","","tax","","","refund","l10n_id_21221010",""
"tax_PT4","","","","Standard Rate for Non-Luxury Goods & Services","","12%","purchase","l10n_id_tax_group_non_luxury_goods","12% (Non-Luxury Good)","percent","11.0","l10n_id_domestic_fiscal_position","base","","","invoice","",""
"","","","","","","","","","","","","","tax","","","invoice","l10n_id_11210030",""
"","","","","","","","","","","","","","base","","","refund","",""
"","","","","","","","","","","","","","tax","","","refund","l10n_id_11210030",""
"tax_ST3","","","","Taxable Luxury Goods","","12%","sale","l10n_id_tax_group_luxury_goods","12%","percent","12.0","l10n_id_domestic_fiscal_position","base","","","invoice","",""
"","","","","","","","","","","","","","tax","","","invoice","l10n_id_21221010",""
"","","","","","","","","","","","","","base","","","refund","",""
"","","","","","","","","","","","","","tax","","","refund","l10n_id_21221010",""
"tax_PT3","","","","Standard Rate for Luxury Goods & Services","","12%","purchase","l10n_id_tax_group_luxury_goods","12%","percent","12.0","l10n_id_domestic_fiscal_position","base","","","invoice","",""
"","","","","","","","","","","","","","tax","","","invoice","l10n_id_11210030",""
"","","","","","","","","","","","","","base","","","refund","",""
"","","","","","","","","","","","","","tax","","","refund","l10n_id_11210030",""
"tax_luxury_sales","","","","Sales Tax on Luxury Goods (STLG)","False","20%","sale","l10n_id_tax_group_stlg","20% (STLG)","percent","20.0","l10n_id_domestic_fiscal_position","base","","","invoice","",""
"","","","","","","","","","","","","","tax","","","invoice","l10n_id_21221010",""
"","","","","","","","","","","","","","base","","","refund","",""
"","","","","","","","","","","","","","tax","","","refund","l10n_id_21221010",""
"tax_ST5","","","","Taxable Goods Other Than Luxury Goods to Collectors","","12%","sale","l10n_id_tax_group_non_luxury_goods","12% Pemungut PPN (Non-Luxury Good)","percent","11.0","l10n_id_pemungut_ppn","base","","","invoice","","tax_ST4"
"","","","","","","","","","","","","","tax","","","invoice","l10n_id_21221010",""
"","","","","","","","","","","","","","tax","","-100","invoice","l10n_id_21221010",""
"","","","","","","","","","","","","","base","","","refund","",""
"","","","","","","","","","","","","","tax","","","refund","l10n_id_21221010",""
"","","","","","","","","","","","","","tax","","-100","refund","l10n_id_21221010",""
"tax_ST6","","","","Luxury Goods to Collectors","","12%","sale","l10n_id_tax_group_luxury_goods","12% Pemungut PPN","percent","12.0","l10n_id_pemungut_ppn","base","","","invoice","","tax_ST3"
"","","","","","","","","","","","","","tax","","","invoice","l10n_id_21221010",""
"","","","","","","","","","","","","","tax","","-100","invoice","l10n_id_21221010",""
"","","","","","","","","","","","","","base","","","refund","",""
"","","","","","","","","","","","","","tax","","","refund","l10n_id_21221010",""
"","","","","","","","","","","","","","tax","","-100","refund","l10n_id_21221010",""
"tax_luxury_sales_pemungut_ppn","","","","Sales Tax on Luxury Goods (STLG) to Collectors","False","20%","sale","l10n_id_tax_group_stlg","20% Pemungut PPN (STLG)","percent","20.0","l10n_id_pemungut_ppn","base","","","invoice","","tax_luxury_sales"
"","","","","","","","","","","","","","tax","","","invoice","l10n_id_21221010",""
"","","","","","","","","","","","","","tax","","-100","invoice","l10n_id_21221010",""
"","","","","","","","","","","","","","base","","","refund","",""
"","","","","","","","","","","","","","tax","","","refund","l10n_id_21221010",""
"","","","","","","","","","","","","","tax","","-100","refund","l10n_id_21221010",""
"tax_ST0","","","","VAT Not Collected","","0%","sale","l10n_id_tax_group_0","0%","percent","0.0","l10n_id_domestic_fiscal_position","base","","","invoice","",""
"","","","","","","","","","","","","","tax","","","invoice","l10n_id_21221010",""
"","","","","","","","","","","","","","base","","","refund","",""
"","","","","","","","","","","","","","tax","","","refund","l10n_id_21221010",""
"tax_ST7","","","","Export","","0%","sale","l10n_id_tax_group_0","0% EXPORT","percent","0.0","l10n_id_foreign_trade_fiscal_position","base","","","invoice","","tax_ST0"
"","","","","","","","","","","","","","tax","","","invoice","l10n_id_21221010",""
"","","","","","","","","","","","","","base","","","refund","",""
"","","","","","","","","","","","","","tax","","","refund","l10n_id_21221010",""
"tax_ST2","","","","Exempt","","0%","sale","l10n_id_tax_group_exempt","0% EXEMPT","percent","0.0","l10n_id_domestic_fiscal_position","base","","","invoice","",""
"","","","","","","","","","","","","","tax","","","invoice","l10n_id_21221010",""
"","","","","","","","","","","","","","base","","","refund","",""
"","","","","","","","","","","","","","tax","","","refund","l10n_id_21221010",""
"tax_PT0","","","","Zero-Rated","","0%","purchase","l10n_id_tax_group_0","0%","percent","0.0","","base","","","invoice","",""
"","","","","","","","","","","","","","tax","","","invoice","l10n_id_11210030",""
"","","","","","","","","","","","","","base","","","refund","",""
"","","","","","","","","","","","","","tax","","","refund","l10n_id_11210030",""
"tax_PT2","","","","Exempt","","0%","purchase","l10n_id_tax_group_exempt","0% EXEMPT","percent","0.0","l10n_id_domestic_fiscal_position","base","","","invoice","",""
"","","","","","","","","","","","","","tax","","","invoice","l10n_id_11210030",""
"","","","","","","","","","","","","","base","","","refund","",""
"","","","","","","","","","","","","","tax","","","refund","l10n_id_11210030",""
"tax_PT5","","","","Sales Tax on Luxury Goods (STLG)","False","20%","purchase","l10n_id_tax_group_stlg","20% (STLG)","percent","20.0","l10n_id_domestic_fiscal_position","base","","","invoice","",""
"","","","","","","","","","","","","","tax","","","invoice","l10n_id_11210030",""
"","","","","","","","","","","","","","base","","","refund","",""
"","","","","","","","","","","","","","tax","","","refund","l10n_id_11210030",""
"tax_PT6","","","","Non-Creditable Standard Rate Input VAT","","12%","purchase","l10n_id_tax_group_non_luxury_goods","12% NCR","percent","0.0","l10n_id_domestic_fiscal_position,l10n_id_foreign_trade_fiscal_position","base","","","invoice","",""
"","","","","","","","","","","","","","tax","","","invoice","l10n_id_11210030",""
"","","","","","","","","","","","","","base","","","refund","",""
"","","","","","","","","","","","","","tax","","","refund","l10n_id_11210030",""
"tax_PT7","","","","Creditable Input VAT from Imports and Foreign Sources","","12%","purchase","l10n_id_tax_group_non_luxury_goods","12% IM","percent","11.0","l10n_id_foreign_trade_fiscal_position","base","","","invoice","","tax_PT3"
"","","","","","","","","","","","","","tax","","","invoice","l10n_id_11210030",""
"","","","","","","","","","","","","","base","","","refund","",""
"","","","","","","","","","","","","","tax","","","refund","l10n_id_11210030",""
"tax_ST1","","","False","ST1","","12%","sale","l10n_id_tax_group_non_luxury_goods","11%","percent","11.0","","base","","","invoice","",""
"","","","","","","","","","","","","","tax","","","invoice","l10n_id_21221010",""
"","","","","","","","","","","","","","base","","","refund","",""
"","","","","","","","","","","","","","tax","","","refund","l10n_id_21221010",""
"tax_PT1","","","False","PT1","","12%","purchase","l10n_id_tax_group_non_luxury_goods","11%","percent","11.0","","base","","","invoice","",""
"","","","","","","","","","","","","","tax","","","invoice","l10n_id_11210030",""
"","","","","","","","","","","","","","base","","","refund","",""
"","","","","","","","","","","","","","tax","","","refund","l10n_id_11210030",""
"tax_22-900-01","l10n_id.tax_facility_na_ebupot","l10n_id.tax_category_22-900-01_ebupot","False","Payment for the Purchase of Goods and/or Materials for Business Activities by BUMN/Certain Business Entities","","-1.5%","sale","l10n_id_tax_group_pph22","1.5% 22-900-01","percent","-1.5","l10n_id_domestic_fiscal_position","base","","","invoice","",""
"","","","","","","","","","","","","","tax","","","invoice","l10n_id_11510020",""
"","","","","","","","","","","","","","base","","","refund","",""
"","","","","","","","","","","","","","tax","","","refund","l10n_id_11510020",""
"tax_22-100-07","l10n_id.tax_facility_na_ebupot","l10n_id.tax_category_22-100-07_ebupot","False","Sales of Production Results to Domestic Distributors by Certain Business Entities/Industries (Cement Industry)","","-0.25%","sale","l10n_id_tax_group_pph22","0.25% 22-100-07","percent","-0.25","l10n_id_domestic_fiscal_position","base","","","invoice","",""
"","","","","","","","","","","","","","tax","","","invoice","l10n_id_11510020",""
"","","","","","","","","","","","","","base","","","refund","",""
"","","","","","","","","","","","","","tax","","","refund","l10n_id_11510020",""
"tax_22-100-08","l10n_id.tax_facility_na_ebupot","l10n_id.tax_category_22-100-08_ebupot","False","Sales of Production Results to Domestic Distributors by Certain Business Entities/Industries (Steel Industry)","","-0.3%","sale","l10n_id_tax_group_pph22","0.3% 22-100-08","percent","-0.3","l10n_id_domestic_fiscal_position","base","","","invoice","",""
"","","","","","","","","","","","","","tax","","","invoice","l10n_id_11510020",""
"","","","","","","","","","","","","","base","","","refund","",""
"","","","","","","","","","","","","","tax","","","refund","l10n_id_11510020",""
"tax_22-100-09","l10n_id.tax_facility_na_ebupot","l10n_id.tax_category_22-100-09_ebupot","False","Sales of Production Results to Domestic Distributors by Certain Business Entities/Industries (Automotive Industry)","","-0.45%","sale","l10n_id_tax_group_pph22","0.45% 22-100-09","percent","-0.45","l10n_id_domestic_fiscal_position","base","","","invoice","",""
"","","","","","","","","","","","","","tax","","","invoice","l10n_id_11510020",""
"","","","","","","","","","","","","","base","","","refund","",""
"","","","","","","","","","","","","","tax","","","refund","l10n_id_11510020",""
"tax_22-100-10","l10n_id.tax_facility_na_ebupot","l10n_id.tax_category_22-100-10_ebupot","False","Sales of Production Results to Domestic Distributors by Certain Business Entities/Industries (Pharmaceutical Industry)","","-0.3%","sale","l10n_id_tax_group_pph22","0.3% 22-100-10","percent","-0.3","l10n_id_domestic_fiscal_position","base","","","invoice","",""
"","","","","","","","","","","","","","tax","","","invoice","l10n_id_11510020",""
"","","","","","","","","","","","","","base","","","refund","",""
"","","","","","","","","","","","","","tax","","","refund","l10n_id_11510020",""
"tax_22-100-11","l10n_id.tax_facility_na_ebupot","l10n_id.tax_category_22-100-11_ebupot","False","Sales of Production Results to Domestic Distributors by Certain Business Entities/Industries (Paper Industry)","","-0.1%","sale","l10n_id_tax_group_pph22","0.1% 22-100-11","percent","-0.1","l10n_id_domestic_fiscal_position","base","","","invoice","",""
"","","","","","","","","","","","","","tax","","","invoice","l10n_id_11510020",""
"","","","","","","","","","","","","","base","","","refund","",""
"","","","","","","","","","","","","","tax","","","refund","l10n_id_11510020",""
"tax_22-100-12","l10n_id.tax_facility_na_ebupot","l10n_id.tax_category_22-100-12_ebupot","False","Domestic Sales of Motor Vehicles by ATPM, APM and General Importers of Motor Vehicles","","-0.45%","sale","l10n_id_tax_group_pph22","0.45% 22-100-12","percent","-0.45","l10n_id_domestic_fiscal_position","base","","","invoice","",""
"","","","","","","","","","","","","","tax","","","invoice","l10n_id_11510020",""
"","","","","","","","","","","","","","base","","","refund","",""
"","","","","","","","","","","","","","tax","","","refund","l10n_id_11510020",""
"tax_22-100-13","l10n_id.tax_facility_na_ebupot","l10n_id.tax_category_22-100-13_ebupot","False","Purchase by Business Entities of Coal, Metal Minerals and Non-Metal Minerals Mining Commodities from Bodies or Individuals Holding IUPs","","-1.5%","sale","l10n_id_tax_group_pph22","1.5% 22-100-13","percent","-1.5","l10n_id_domestic_fiscal_position","base","","","invoice","",""
"","","","","","","","","","","","","","tax","","","invoice","l10n_id_11510020",""
"","","","","","","","","","","","","","base","","","refund","",""
"","","","","","","","","","","","","","tax","","","refund","l10n_id_11510020",""
"tax_22-100-14","l10n_id.tax_facility_na_ebupot","l10n_id.tax_category_22-100-14_ebupot","False","Domestic Sales of Gold Bullion by Business Entities","","-0.45%","sale","l10n_id_tax_group_pph22","0.45% 22-100-14","percent","-0.45","l10n_id_domestic_fiscal_position","base","","","invoice","",""
"","","","","","","","","","","","","","tax","","","invoice","l10n_id_11510020",""
"","","","","","","","","","","","","","base","","","refund","",""
"","","","","","","","","","","","","","tax","","","refund","l10n_id_11510020",""
"tax_22-100-15","l10n_id.tax_facility_na_ebupot","l10n_id.tax_category_22-100-15_ebupot","False","Purchase of Forestry Products that Have Not Been Through the Industrial Manufacturing Process, for Industrial/Export Needs by Industrial Business Entities/Exporters","","-0.25%","sale","l10n_id_tax_group_pph22","0.25% 22-100-15","percent","-0.25","l10n_id_domestic_fiscal_position,l10n_id_foreign_trade_fiscal_position","base","","","invoice","",""
"","","","","","","","","","","","","","tax","","","invoice","l10n_id_11510020",""
"","","","","","","","","","","","","","base","","","refund","",""
"","","","","","","","","","","","","","tax","","","refund","l10n_id_11510020",""
"tax_22-100-16","l10n_id.tax_facility_na_ebupot","l10n_id.tax_category_22-100-16_ebupot","False","Purchase of Plantation Products that Have Not Been Through the Industrial Manufacturing Process, for Industrial/Export Needs by Industrial Business Entities/Exporters","","-0.25%","sale","l10n_id_tax_group_pph22","0.25% 22-100-16","percent","-0.25","l10n_id_domestic_fiscal_position,l10n_id_foreign_trade_fiscal_position","base","","","invoice","",""
"","","","","","","","","","","","","","tax","","","invoice","l10n_id_11510020",""
"","","","","","","","","","","","","","base","","","refund","",""
"","","","","","","","","","","","","","tax","","","refund","l10n_id_11510020",""
"tax_22-100-17","l10n_id.tax_facility_na_ebupot","l10n_id.tax_category_22-100-17_ebupot","False","Purchase of Agricultural Products that Have Not Been Through the Industrial Manufacturing Process, for Industrial/Export Needs by Industrial Business Entities/Exporters","","-0.25%","sale","l10n_id_tax_group_pph22","0.25% 22-100-17","percent","-0.25","l10n_id_domestic_fiscal_position,l10n_id_foreign_trade_fiscal_position","base","","","invoice","",""
"","","","","","","","","","","","","","tax","","","invoice","l10n_id_11510020",""
"","","","","","","","","","","","","","base","","","refund","",""
"","","","","","","","","","","","","","tax","","","refund","l10n_id_11510020",""
"tax_22-100-18","l10n_id.tax_facility_na_ebupot","l10n_id.tax_category_22-100-18_ebupot","False","Purchase of livestock products that have not undergone the industrial manufacturing process, for industrial/export purposes by industrial business entities/exporters","","-0.25%","sale","l10n_id_tax_group_pph22","0.25% 22-100-18","percent","-0.25","l10n_id_domestic_fiscal_position,l10n_id_foreign_trade_fiscal_position","base","","","invoice","",""
"","","","","","","","","","","","","","tax","","","invoice","l10n_id_11510020",""
"","","","","","","","","","","","","","base","","","refund","",""
"","","","","","","","","","","","","","tax","","","refund","l10n_id_11510020",""
"tax_22-100-19","l10n_id.tax_facility_na_ebupot","l10n_id.tax_category_22-100-19_ebupot","False","Purchase of Fishery Products that Have Not Undergone the Industrial Manufacturing Process, for Industrial/Export Needs by Industrial Business Entities/Exporters","","-0.25%","sale","l10n_id_tax_group_pph22","0.25% 22-100-19","percent","-0.25","l10n_id_domestic_fiscal_position,l10n_id_foreign_trade_fiscal_position","base","","","invoice","",""
"","","","","","","","","","","","","","tax","","","invoice","l10n_id_11510020",""
"","","","","","","","","","","","","","base","","","refund","",""
"","","","","","","","","","","","","","tax","","","refund","l10n_id_11510020",""
"tax_22-401-01","l10n_id.tax_facility_na_ebupot","l10n_id.tax_category_22-401-01_ebupot","False","Sales of Fuel by Pertamina or Pertamina's Subsidiaries to Gas Stations (Final)","","-0.25%","sale","l10n_id_tax_group_pph22","0.25% 22-401-01","percent","-0.25","l10n_id_domestic_fiscal_position","base","","","invoice","",""
"","","","","","","","","","","","","","tax","","","invoice","l10n_id_11510020",""
"","","","","","","","","","","","","","base","","","refund","",""
"","","","","","","","","","","","","","tax","","","refund","l10n_id_61100110",""
"tax_22-100-20","l10n_id.tax_facility_na_ebupot","l10n_id.tax_category_22-100-20_ebupot","False","Sales of Fuel by Pertamina or Pertamina's Subsidiaries to Other Than Gas Stations/Agents/Distributors (Not Final)","","-0.3%","sale","l10n_id_tax_group_pph22","0.3% 22-100-20","percent","-0.3","l10n_id_domestic_fiscal_position","base","","","invoice","",""
"","","","","","","","","","","","","","tax","","","invoice","l10n_id_11510020",""
"","","","","","","","","","","","","","base","","","refund","",""
"","","","","","","","","","","","","","tax","","","refund","l10n_id_11510020",""
"tax_22-401-02","l10n_id.tax_facility_na_ebupot","l10n_id.tax_category_22-401-02_ebupot","False","Sales of Fuel by Business Entities Other Than Pertamina or Pertamina Subsidiaries to Gas Stations/Agents/Distributors (Final)","","-0.3%","sale","l10n_id_tax_group_pph22","0.3% 22-401-02","percent","-0.3","l10n_id_domestic_fiscal_position","base","","","invoice","",""
"","","","","","","","","","","","","","tax","","","invoice","l10n_id_11510020",""
"","","","","","","","","","","","","","base","","","refund","",""
"","","","","","","","","","","","","","tax","","","refund","l10n_id_11510020",""
"tax_22-100-21","l10n_id.tax_facility_na_ebupot","l10n_id.tax_category_22-100-21_ebupot","False","Sales of Fuel by Business Entities Other Than Pertamina or Pertamina Subsidiaries to Other Than Gas Stations/Agents/Distributors (Not Final)","","-0.3%","sale","l10n_id_tax_group_pph22","0.3% 22-100-21","percent","-0.3","l10n_id_domestic_fiscal_position","base","","","invoice","",""
"","","","","","","","","","","","","","tax","","","invoice","l10n_id_11510020",""
"","","","","","","","","","","","","","base","","","refund","",""
"","","","","","","","","","","","","","tax","","","refund","l10n_id_11510020",""
"tax_22-100-22","l10n_id.tax_facility_na_ebupot","l10n_id.tax_category_22-100-22_ebupot","False","Sales of Lubricants by Importers/Manufacturers","","-0.3%","sale","l10n_id_tax_group_pph22","0.3% 22-100-22","percent","-0.3","l10n_id_foreign_trade_fiscal_position","base","","","invoice","",""
"","","","","","","","","","","","","","tax","","","invoice","l10n_id_11510020",""
"","","","","","","","","","","","","","base","","","refund","",""
"","","","","","","","","","","","","","tax","","","refund","l10n_id_11510020",""
"tax_22-100-23","l10n_id.tax_facility_na_ebupot","l10n_id.tax_category_22-100-23_ebupot","False","Sales of Credit and Starter Cards by Second-Level Distribution Providers Who Are Collectors of Article 22 Income Tax","","-0.5%","sale","l10n_id_tax_group_pph22","0.5% 22-100-23","percent","-0.5","l10n_id_domestic_fiscal_position","base","","","invoice","",""
"","","","","","","","","","","","","","tax","","","invoice","l10n_id_11510020",""
"","","","","","","","","","","","","","base","","","refund","",""
"","","","","","","","","","","","","","tax","","","refund","l10n_id_11510020",""
"tax_22-100-24","l10n_id.tax_facility_na_ebupot","l10n_id.tax_category_22-100-24_ebupot","False","Sales of Gas by Producers/Importers to Other Than Gas Stations/Agents/Distributors (Not Final)","","-0.3%","sale","l10n_id_tax_group_pph22","0.3% 22-100-24","percent","-0.3","l10n_id_domestic_fiscal_position,l10n_id_foreign_trade_fiscal_position","base","","","invoice","",""
"","","","","","","","","","","","","","tax","","","invoice","l10n_id_11510020",""
"","","","","","","","","","","","","","base","","","refund","",""
"","","","","","","","","","","","","","tax","","","refund","l10n_id_11510020",""
"tax_22-401-03","l10n_id.tax_facility_na_ebupot","l10n_id.tax_category_22-401-03_ebupot","False","Sales of Gas by producers/importers to gas stations/agents/distributors (Final)","","-0.3%","sale","l10n_id_tax_group_pph22","0.3% 22-401-03","percent","-0.3","l10n_id_domestic_fiscal_position","base","","","invoice","",""
"","","","","","","","","","","","","","tax","","","invoice","l10n_id_11510020",""
"","","","","","","","","","","","","","base","","","refund","",""
"","","","","","","","","","","","","","tax","","","refund","l10n_id_61100110",""
"tax_22-401-04","l10n_id.tax_facility_na_ebupot","l10n_id.tax_category_22-401-04_ebupot","False","Sales of fuel by Pertamina or Pertamina's subsidiaries to agents/distributors other than gas stations (Final)","","-0.3%","sale","l10n_id_tax_group_pph22","0.3% 22-401-04","percent","-0.3","l10n_id_domestic_fiscal_position","base","","","invoice","",""
"","","","","","","","","","","","","","tax","","","invoice","l10n_id_11510020",""
"","","","","","","","","","","","","","base","","","refund","",""
"","","","","","","","","","","","","","tax","","","refund","l10n_id_61100110",""
"tax_22-403-01","l10n_id.tax_facility_na_ebupot","l10n_id.tax_category_22-403-01_ebupot","False","Sale of Very Luxury Goods Other Than Houses and Land, Apartments, Condominiums and the Like","","-5%","sale","l10n_id_tax_group_pph22","5% 22-403-01","percent","-5.0","l10n_id_domestic_fiscal_position","base","","","invoice","",""
"","","","","","","","","","","","","","tax","","","invoice","l10n_id_11510020",""
"","","","","","","","","","","","","","base","","","refund","",""
"","","","","","","","","","","","","","tax","","","refund","l10n_id_61100110",""
"tax_22-403-02","l10n_id.tax_facility_na_ebupot","l10n_id.tax_category_22-403-02_ebupot","False","Sale of Very Luxury Goods for Houses and Land, Apartments, Condominiums and the Like","","-1%","sale","l10n_id_tax_group_pph22","1% 22-403-02","percent","-1.0","l10n_id_domestic_fiscal_position","base","","","invoice","",""
"","","","","","","","","","","","","","tax","","","invoice","l10n_id_11510020",""
"","","","","","","","","","","","","","base","","","refund","",""
"","","","","","","","","","","","","","tax","","","refund","l10n_id_11510020",""
"tax_22-404-01","l10n_id.tax_facility_na_ebupot","l10n_id.tax_category_22-404-01_ebupot","False","Exports of Coal, Metal Minerals, and Non-Metal Minerals Mining Commodities Carried Out by Exporters, Except for Taxpayers Bound in PKP2B and KK","","-1.5%","sale","l10n_id_tax_group_pph22","1.5% 22-404-01","percent","-1.5","l10n_id_foreign_trade_fiscal_position","base","","","invoice","",""
"","","","","","","","","","","","","","tax","","","invoice","l10n_id_11510020",""
"","","","","","","","","","","","","","base","","","refund","",""
"","","","","","","","","","","","","","tax","","","refund","l10n_id_11510020",""
"tax_22-405-01","l10n_id.tax_facility_na_ebupot","l10n_id.tax_category_22-405-01_ebupot","False","Income in Relation to Crypto Assets Collected by Trading Organizers Through Electronic Systems Who Are Physical Traders of Crypto Assets","","-0.1%","sale","l10n_id_tax_group_pph22","0.1% 22-405-01","percent","-0.1","l10n_id_domestic_fiscal_position,l10n_id_foreign_trade_fiscal_position","base","","","invoice","",""
"","","","","","","","","","","","","","tax","","","invoice","l10n_id_11510020",""
"","","","","","","","","","","","","","base","","","refund","",""
"","","","","","","","","","","","","","tax","","","refund","l10n_id_11510020",""
"tax_22-405-02","l10n_id.tax_facility_na_ebupot","l10n_id.tax_category_22-405-02_ebupot","False","Income in Relation to Crypto Assets Collected by Trading Organizers Through Electronic Systems Who Are Not Physical Traders of Crypto Assets","","-0.2%","sale","l10n_id_tax_group_pph22","0.2% 22-405-02","percent","-0.2","l10n_id_domestic_fiscal_position,l10n_id_foreign_trade_fiscal_position","base","","","invoice","",""
"","","","","","","","","","","","","","tax","","","invoice","l10n_id_11510020",""
"","","","","","","","","","","","","","base","","","refund","",""
"","","","","","","","","","","","","","tax","","","refund","l10n_id_11510020",""
"tax_22-101-01","l10n_id.tax_facility_na_ebupot","l10n_id.tax_category_22-101-01_ebupot","False","Income in Connection with Transactions on Sales of Goods, Delivery of Services, and/or Rentals and Other Income in Connection with the Use of Assets Carried Out Through Other Parties in the Government Procurement Information System (Non-Final)","","-0.5%","sale","l10n_id_tax_group_pph22","0.5% 22-101-01","percent","-0.5","l10n_id_domestic_fiscal_position","base","","","invoice","",""
"","","","","","","","","","","","","","tax","","","invoice","l10n_id_11510020",""
"","","","","","","","","","","","","","base","","","refund","",""
"","","","","","","","","","","","","","tax","","","refund","l10n_id_11510020",""
"tax_22-101-02","l10n_id.tax_facility_na_ebupot","l10n_id.tax_category_22-101-02_ebupot","False","Income in Connection with Transactions on Sales of Goods, Delivery of Services, and/or Rentals and Other Income in Connection with the Use of Assets Carried Out Through Other Parties in the Government Procurement Information System (Final)","","-0.5%","sale","l10n_id_tax_group_pph22","0.5% 22-101-02","percent","-0.5","l10n_id_domestic_fiscal_position","base","","","invoice","",""
"","","","","","","","","","","","","","tax","","","invoice","l10n_id_11510020",""
"","","","","","","","","","","","","","base","","","refund","",""
"","","","","","","","","","","","","","tax","","","refund","l10n_id_61100110",""
"tax_22-102-01","l10n_id.tax_facility_na_ebupot","l10n_id.tax_category_22-102-01_ebupot","True","Income Received or Obtained by Domestic Traders from the Sale of Goods, Provision of Services, and/or Rentals and Other Income in Connection with the Use of Assets Conducted Through Trading Through Electronic Systems (Non-Final)","","-0.5%","sale","l10n_id_tax_group_pph22","0.5% 22-102-01","percent","-0.5","l10n_id_domestic_fiscal_position","base","","","invoice","",""
"","","","","","","","","","","","","","tax","","","invoice","l10n_id_11510020",""
"","","","","","","","","","","","","","base","","","refund","",""
"","","","","","","","","","","","","","tax","","","refund","l10n_id_61100110",""
"tax_22-102-02","l10n_id.tax_facility_na_ebupot","l10n_id.tax_category_22-102-02_ebupot","True","Income Received or Obtained by Domestic Traders from the Sale of Goods, Provision of Services, and/or Rentals and Other Income in Connection with the Use of Assets Conducted Through Electronic Trading Systems (Final)","","-0.5%","sale","l10n_id_tax_group_pph22","0.5% 22-102-02","percent","-0.5","l10n_id_domestic_fiscal_position","base","","","invoice","",""
"","","","","","","","","","","","","","tax","","","invoice","l10n_id_11510020",""
"","","","","","","","","","","","","","base","","","refund","",""
"","","","","","","","","","","","","","tax","","","refund","l10n_id_11510020",""
"tax_22-100-25","l10n_id.tax_facility_na_ebupot","l10n_id.tax_category_22-100-25_ebupot","False","Domestic Sales of Gold Bullion by Gold Jewelry and/or Gold Bullion Entrepreneurs","","-0.25%","sale","l10n_id_tax_group_pph22","0.25% 22-100-25","percent","-0.25","l10n_id_domestic_fiscal_position","base","","","invoice","",""
"","","","","","","","","","","","","","tax","","","invoice","l10n_id_11510020",""
"","","","","","","","","","","","","","base","","","refund","",""
"","","","","","","","","","","","","","tax","","","refund","l10n_id_11510020",""
"tax_22-100-26","l10n_id.tax_facility_na_ebupot","l10n_id.tax_category_22-100-26_ebupot","False","Domestic Sales of Gold Jewelry by Gold Jewelry and/or Gold Bar Entrepreneurs","","-0.25%","sale","l10n_id_tax_group_pph22","0.25% 22-100-26","percent","-0.25","l10n_id_domestic_fiscal_position","base","","","invoice","",""
"","","","","","","","","","","","","","tax","","","invoice","l10n_id_11510020",""
"","","","","","","","","","","","","","base","","","refund","",""
"","","","","","","","","","","","","","tax","","","refund","l10n_id_11510020",""
"tax_22-100-27","l10n_id.tax_facility_na_ebupot","l10n_id.tax_category_22-100-27_ebupot","False","Sales of Jewelry Other Than Gold and/or Gemstones and/or Other Similar Stones by Gold Jewelry and/or Gold Bar Entrepreneurs","","-0.25%","sale","l10n_id_tax_group_pph22","0.25% 22-100-27","percent","-0.25","l10n_id_domestic_fiscal_position","base","","","invoice","",""
"","","","","","","","","","","","","","tax","","","invoice","l10n_id_11510020",""
"","","","","","","","","","","","","","base","","","refund","",""
"","","","","","","","","","","","","","tax","","","refund","l10n_id_11510020",""
"tax_22-910-01","l10n_id.tax_facility_na_ebupot","l10n_id.tax_category_22-910-01_ebupot","True","Collection by the Treasurer","","-1.5%","sale","l10n_id_tax_group_pph22","1.5% 22-910-01","percent","-1.5","l10n_id_domestic_fiscal_position","base","","","invoice","",""
"","","","","","","","","","","","","","tax","","","invoice","l10n_id_11510020",""
"","","","","","","","","","","","","","base","","","refund","",""
"","","","","","","","","","","","","","tax","","","refund","l10n_id_11510020",""
"tax_22-406-01","l10n_id.tax_facility_na_ebupot","l10n_id.tax_category_22-406-01_ebupot","False","Article 22 Income Tax payable on the Main Contractor's income in connection with the implementation of government projects financed by foreign grants or loans","","0%","sale","l10n_id_tax_group_pph22","0% 22-406-01","percent","0.0","l10n_id_domestic_fiscal_position","base","","","invoice","",""
"","","","","","","","","","","","","","tax","","","invoice","l10n_id_11510020",""
"","","","","","","","","","","","","","base","","","refund","",""
"","","","","","","","","","","","","","tax","","","refund","l10n_id_11510020",""
"tax_22-401-05","l10n_id.tax_facility_na_ebupot","l10n_id.tax_category_22-401-05_ebupot","False","Sales of Fuel by Business Entities Other Than Pertamina or Pertamina Subsidiaries to Gas Stations/Agents/Distributors (Final) in Connection with the Implementation of Government Projects Financed by Grants or Foreign Loan Funds","","-0.3%","sale","l10n_id_tax_group_pph22","0.3% 22-401-05","percent","-0.3","l10n_id_domestic_fiscal_position","base","","","invoice","",""
"","","","","","","","","","","","","","tax","","","invoice","l10n_id_11510020",""
"","","","","","","","","","","","","","base","","","refund","",""
"","","","","","","","","","","","","","tax","","","refund","l10n_id_61100110",""
"tax_22-405-04","l10n_id.tax_facility_na_ebupot","l10n_id.tax_category_22-405-04_ebupot","False","Income in Relation to Crypto Assets Collected by Trading Organizers Through Domestic Electronic Systems Who Are Digital Financial Asset Traders","","-0.21%","sale","l10n_id_tax_group_pph22","0.21% 22-405-04","percent","-0.21","l10n_id_domestic_fiscal_position,l10n_id_foreign_trade_fiscal_position","base","","","invoice","",""
"","","","","","","","","","","","","","tax","","","invoice","l10n_id_11510020",""
"","","","","","","","","","","","","","base","","","refund","",""
"","","","","","","","","","","","","","tax","","","refund","l10n_id_11510020",""
"tax_22-405-05","l10n_id.tax_facility_na_ebupot","l10n_id.tax_category_22-405-05_ebupot","False","Income in Relation to Crypto Assets Collected by Foreign Electronic System Trading Providers Who Are Income Tax Collectors","","-1%","sale","l10n_id_tax_group_pph22","1% 22-405-05","percent","-1.0","l10n_id_domestic_fiscal_position,l10n_id_foreign_trade_fiscal_position","base","","","invoice","",""
"","","","","","","","","","","","","","tax","","","invoice","l10n_id_11510020",""
"","","","","","","","","","","","","","base","","","refund","",""
"","","","","","","","","","","","","","tax","","","refund","l10n_id_11510020",""
"tax_22-100-28","l10n_id.tax_facility_na_ebupot","l10n_id.tax_category_22-100-28_ebupot","False","Purchase of gold bullion by Financial Services Institutions that organize Bullion Business Activities","","-0.25%","sale","l10n_id_tax_group_pph22","0.25% 22-100-28","percent","-0.25","l10n_id_domestic_fiscal_position","base","","","invoice","",""
"","","","","","","","","","","","","","tax","","","invoice","l10n_id_11510020",""
"","","","","","","","","","","","","","base","","","refund","",""
"","","","","","","","","","","","","","tax","","","refund","l10n_id_11510020",""
"tax_22-900-01_purchase","l10n_id.tax_facility_na_ebupot","l10n_id.tax_category_22-900-01_ebupot","False","Payment for the Purchase of Goods and/or Materials for Business Activities by BUMN/Certain Business Entities","","-1.5%","purchase","l10n_id_tax_group_pph22","1.5% 22-900-01","percent","-1.5","l10n_id_domestic_fiscal_position","base","","","invoice","",""
"","","","","","","","","","","","","","tax","","","invoice","l10n_id_21210020",""
"","","","","","","","","","","","","","base","","","refund","",""
"","","","","","","","","","","","","","tax","","","refund","l10n_id_21210020",""
"tax_22-100-07_purchase","l10n_id.tax_facility_na_ebupot","l10n_id.tax_category_22-100-07_ebupot","False","Sales of Production Results to Domestic Distributors by Certain Business Entities/Industries (Cement Industry)","","-0.25%","purchase","l10n_id_tax_group_pph22","0.25% 22-100-07","percent","-0.25","l10n_id_domestic_fiscal_position","base","","","invoice","",""
"","","","","","","","","","","","","","tax","","","invoice","l10n_id_21210020",""
"","","","","","","","","","","","","","base","","","refund","",""
"","","","","","","","","","","","","","tax","","","refund","l10n_id_21210020",""
"tax_22-100-08_purchase","l10n_id.tax_facility_na_ebupot","l10n_id.tax_category_22-100-08_ebupot","False","Sales of Production Results to Domestic Distributors by Certain Business Entities/Industries (Steel Industry)","","-0.3%","purchase","l10n_id_tax_group_pph22","0.3% 22-100-08","percent","-0.3","l10n_id_domestic_fiscal_position","base","","","invoice","",""
"","","","","","","","","","","","","","tax","","","invoice","l10n_id_21210020",""
"","","","","","","","","","","","","","base","","","refund","",""
"","","","","","","","","","","","","","tax","","","refund","l10n_id_21210020",""
"tax_22-100-09_purchase","l10n_id.tax_facility_na_ebupot","l10n_id.tax_category_22-100-09_ebupot","False","Sales of Production Results to Domestic Distributors by Certain Business Entities/Industries (Automotive Industry)","","-0.45%","purchase","l10n_id_tax_group_pph22","0.45% 22-100-09","percent","-0.45","l10n_id_domestic_fiscal_position","base","","","invoice","",""
"","","","","","","","","","","","","","tax","","","invoice","l10n_id_21210020",""
"","","","","","","","","","","","","","base","","","refund","",""
"","","","","","","","","","","","","","tax","","","refund","l10n_id_21210020",""
"tax_22-100-10_purchase","l10n_id.tax_facility_na_ebupot","l10n_id.tax_category_22-100-10_ebupot","False","Sales of Production Results to Domestic Distributors by Certain Business Entities/Industries (Pharmaceutical Industry)","","-0.3%","purchase","l10n_id_tax_group_pph22","0.3% 22-100-10","percent","-0.3","l10n_id_domestic_fiscal_position","base","","","invoice","",""
"","","","","","","","","","","","","","tax","","","invoice","l10n_id_21210020",""
"","","","","","","","","","","","","","base","","","refund","",""
"","","","","","","","","","","","","","tax","","","refund","l10n_id_21210020",""
"tax_22-100-11_purchase","l10n_id.tax_facility_na_ebupot","l10n_id.tax_category_22-100-11_ebupot","False","Sales of Production Results to Domestic Distributors by Certain Business Entities/Industries (Paper Industry)","","-0.1%","purchase","l10n_id_tax_group_pph22","0.1% 22-100-11","percent","-0.1","l10n_id_domestic_fiscal_position","base","","","invoice","",""
"","","","","","","","","","","","","","tax","","","invoice","l10n_id_21210020",""
"","","","","","","","","","","","","","base","","","refund","",""
"","","","","","","","","","","","","","tax","","","refund","l10n_id_21210020",""
"tax_22-100-12_purchase","l10n_id.tax_facility_na_ebupot","l10n_id.tax_category_22-100-12_ebupot","False","Domestic Sales of Motor Vehicles by ATPM, APM and General Importers of Motor Vehicles","","-0.45%","purchase","l10n_id_tax_group_pph22","0.45% 22-100-12","percent","-0.45","l10n_id_domestic_fiscal_position","base","","","invoice","",""
"","","","","","","","","","","","","","tax","","","invoice","l10n_id_21210020",""
"","","","","","","","","","","","","","base","","","refund","",""
"","","","","","","","","","","","","","tax","","","refund","l10n_id_21210020",""
"tax_22-100-13_purchase","l10n_id.tax_facility_na_ebupot","l10n_id.tax_category_22-100-13_ebupot","False","Purchase by Business Entities of Coal, Metal Minerals and Non-Metal Minerals Mining Commodities from Bodies or Individuals Holding IUPs","","-1.5%","purchase","l10n_id_tax_group_pph22","1.5% 22-100-13","percent","-1.5","l10n_id_domestic_fiscal_position","base","","","invoice","",""
"","","","","","","","","","","","","","tax","","","invoice","l10n_id_21210020",""
"","","","","","","","","","","","","","base","","","refund","",""
"","","","","","","","","","","","","","tax","","","refund","l10n_id_21210020",""
"tax_22-100-14_purchase","l10n_id.tax_facility_na_ebupot","l10n_id.tax_category_22-100-14_ebupot","False","Domestic Sales of Gold Bullion by Business Entities","","-0.45%","purchase","l10n_id_tax_group_pph22","0.45% 22-100-14","percent","-0.45","l10n_id_domestic_fiscal_position","base","","","invoice","",""
"","","","","","","","","","","","","","tax","","","invoice","l10n_id_21210020",""
"","","","","","","","","","","","","","base","","","refund","",""
"","","","","","","","","","","","","","tax","","","refund","l10n_id_21210020",""
"tax_22-100-15_purchase","l10n_id.tax_facility_na_ebupot","l10n_id.tax_category_22-100-15_ebupot","False","Purchase of Forestry Products that Have Not Been Through the Industrial Manufacturing Process, for Industrial/Export Needs by Industrial Business Entities/Exporters","","-0.25%","purchase","l10n_id_tax_group_pph22","0.25% 22-100-15","percent","-0.25","l10n_id_domestic_fiscal_position,l10n_id_foreign_trade_fiscal_position","base","","","invoice","",""
"","","","","","","","","","","","","","tax","","","invoice","l10n_id_21210020",""
"","","","","","","","","","","","","","base","","","refund","",""
"","","","","","","","","","","","","","tax","","","refund","l10n_id_21210020",""
"tax_22-100-16_purchase","l10n_id.tax_facility_na_ebupot","l10n_id.tax_category_22-100-16_ebupot","False","Purchase of Plantation Products that Have Not Been Through the Industrial Manufacturing Process, for Industrial/Export Needs by Industrial Business Entities/Exporters","","-0.25%","purchase","l10n_id_tax_group_pph22","0.25% 22-100-16","percent","-0.25","l10n_id_domestic_fiscal_position,l10n_id_foreign_trade_fiscal_position","base","","","invoice","",""
"","","","","","","","","","","","","","tax","","","invoice","l10n_id_21210020",""
"","","","","","","","","","","","","","base","","","refund","",""
"","","","","","","","","","","","","","tax","","","refund","l10n_id_21210020",""
"tax_22-100-17_purchase","l10n_id.tax_facility_na_ebupot","l10n_id.tax_category_22-100-17_ebupot","False","Purchase of Agricultural Products that Have Not Been Through the Industrial Manufacturing Process, for Industrial/Export Needs by Industrial Business Entities/Exporters","","-0.25%","purchase","l10n_id_tax_group_pph22","0.25% 22-100-17","percent","-0.25","l10n_id_domestic_fiscal_position,l10n_id_foreign_trade_fiscal_position","base","","","invoice","",""
"","","","","","","","","","","","","","tax","","","invoice","l10n_id_21210020",""
"","","","","","","","","","","","","","base","","","refund","",""
"","","","","","","","","","","","","","tax","","","refund","l10n_id_21210020",""
"tax_22-100-18_purchase","l10n_id.tax_facility_na_ebupot","l10n_id.tax_category_22-100-18_ebupot","False","Purchase of livestock products that have not undergone the industrial manufacturing process, for industrial/export purposes by industrial business entities/exporters","","-0.25%","purchase","l10n_id_tax_group_pph22","0.25% 22-100-18","percent","-0.25","l10n_id_domestic_fiscal_position,l10n_id_foreign_trade_fiscal_position","base","","","invoice","",""
"","","","","","","","","","","","","","tax","","","invoice","l10n_id_21210020",""
"","","","","","","","","","","","","","base","","","refund","",""
"","","","","","","","","","","","","","tax","","","refund","l10n_id_21210020",""
"tax_22-100-19_purchase","l10n_id.tax_facility_na_ebupot","l10n_id.tax_category_22-100-19_ebupot","False","Purchase of Fishery Products that Have Not Undergone the Industrial Manufacturing Process, for Industrial/Export Needs by Industrial Business Entities/Exporters","","-0.25%","purchase","l10n_id_tax_group_pph22","0.25% 22-100-19","percent","-0.25","l10n_id_domestic_fiscal_position,l10n_id_foreign_trade_fiscal_position","base","","","invoice","",""
"","","","","","","","","","","","","","tax","","","invoice","l10n_id_21210020",""
"","","","","","","","","","","","","","base","","","refund","",""
"","","","","","","","","","","","","","tax","","","refund","l10n_id_21210020",""
"tax_22-401-01_purchase","l10n_id.tax_facility_na_ebupot","l10n_id.tax_category_22-401-01_ebupot","False","Sales of Fuel by Pertamina or Pertamina's Subsidiaries to Gas Stations (Final)","","-0.25%","purchase","l10n_id_tax_group_pph22","0.25% 22-401-01","percent","-0.25","l10n_id_domestic_fiscal_position","base","","","invoice","",""
"","","","","","","","","","","","","","tax","","","invoice","l10n_id_21210020",""
"","","","","","","","","","","","","","base","","","refund","",""
"","","","","","","","","","","","","","tax","","","refund","l10n_id_21210020",""
"tax_22-100-20_purchase","l10n_id.tax_facility_na_ebupot","l10n_id.tax_category_22-100-20_ebupot","False","Sales of Fuel by Pertamina or Pertamina's Subsidiaries to Other Than Gas Stations/Agents/Distributors (Not Final)","","-0.3%","purchase","l10n_id_tax_group_pph22","0.3% 22-100-20","percent","-0.3","l10n_id_domestic_fiscal_position","base","","","invoice","",""
"","","","","","","","","","","","","","tax","","","invoice","l10n_id_21210020",""
"","","","","","","","","","","","","","base","","","refund","",""
"","","","","","","","","","","","","","tax","","","refund","l10n_id_21210020",""
"tax_22-401-02_purchase","l10n_id.tax_facility_na_ebupot","l10n_id.tax_category_22-401-02_ebupot","False","Sales of Fuel by Business Entities Other Than Pertamina or Pertamina Subsidiaries to Gas Stations/Agents/Distributors (Final)","","-0.3%","purchase","l10n_id_tax_group_pph22","0.3% 22-401-02","percent","-0.3","l10n_id_domestic_fiscal_position","base","","","invoice","",""
"","","","","","","","","","","","","","tax","","","invoice","l10n_id_21210020",""
"","","","","","","","","","","","","","base","","","refund","",""
"","","","","","","","","","","","","","tax","","","refund","l10n_id_21210020",""
"tax_22-100-21_purchase","l10n_id.tax_facility_na_ebupot","l10n_id.tax_category_22-100-21_ebupot","False","Sales of Fuel by Business Entities Other Than Pertamina or Pertamina Subsidiaries to Other Than Gas Stations/Agents/Distributors (Not Final)","","-0.3%","purchase","l10n_id_tax_group_pph22","0.3% 22-100-21","percent","-0.3","l10n_id_domestic_fiscal_position","base","","","invoice","",""
"","","","","","","","","","","","","","tax","","","invoice","l10n_id_21210020",""
"","","","","","","","","","","","","","base","","","refund","",""
"","","","","","","","","","","","","","tax","","","refund","l10n_id_21210020",""
"tax_22-100-22_purchase","l10n_id.tax_facility_na_ebupot","l10n_id.tax_category_22-100-22_ebupot","False","Sales of Lubricants by Importers/Manufacturers","","-0.3%","purchase","l10n_id_tax_group_pph22","0.3% 22-100-22","percent","-0.3","l10n_id_foreign_trade_fiscal_position","base","","","invoice","",""
"","","","","","","","","","","","","","tax","","","invoice","l10n_id_21210020",""
"","","","","","","","","","","","","","base","","","refund","",""
"","","","","","","","","","","","","","tax","","","refund","l10n_id_21210020",""
"tax_22-100-23_purchase","l10n_id.tax_facility_na_ebupot","l10n_id.tax_category_22-100-23_ebupot","False","Sales of Credit and Starter Cards by Second-Level Distribution Providers Who Are Collectors of Article 22 Income Tax","","-0.5%","purchase","l10n_id_tax_group_pph22","0.5% 22-100-23","percent","-0.5","l10n_id_domestic_fiscal_position","base","","","invoice","",""
"","","","","","","","","","","","","","tax","","","invoice","l10n_id_21210020",""
"","","","","","","","","","","","","","base","","","refund","",""
"","","","","","","","","","","","","","tax","","","refund","l10n_id_21210020",""
"tax_22-100-24_purchase","l10n_id.tax_facility_na_ebupot","l10n_id.tax_category_22-100-24_ebupot","False","Sales of Gas by Producers/Importers to Other Than Gas Stations/Agents/Distributors (Not Final)","","-0.3%","purchase","l10n_id_tax_group_pph22","0.3% 22-100-24","percent","-0.3","l10n_id_domestic_fiscal_position,l10n_id_foreign_trade_fiscal_position","base","","","invoice","",""
"","","","","","","","","","","","","","tax","","","invoice","l10n_id_21210020",""
"","","","","","","","","","","","","","base","","","refund","",""
"","","","","","","","","","","","","","tax","","","refund","l10n_id_21210020",""
"tax_22-401-03_purchase","l10n_id.tax_facility_na_ebupot","l10n_id.tax_category_22-401-03_ebupot","False","Sales of Gas by producers/importers to gas stations/agents/distributors (Final)","","-0.3%","purchase","l10n_id_tax_group_pph22","0.3% 22-401-03","percent","-0.3","l10n_id_domestic_fiscal_position","base","","","invoice","",""
"","","","","","","","","","","","","","tax","","","invoice","l10n_id_21210020",""
"","","","","","","","","","","","","","base","","","refund","",""
"","","","","","","","","","","","","","tax","","","refund","l10n_id_21210020",""
"tax_22-401-04_purchase","l10n_id.tax_facility_na_ebupot","l10n_id.tax_category_22-401-04_ebupot","False","Sales of fuel by Pertamina or Pertamina's subsidiaries to agents/distributors other than gas stations (Final)","","-0.3%","purchase","l10n_id_tax_group_pph22","0.3% 22-401-04","percent","-0.3","l10n_id_domestic_fiscal_position","base","","","invoice","",""
"","","","","","","","","","","","","","tax","","","invoice","l10n_id_21210020",""
"","","","","","","","","","","","","","base","","","refund","",""
"","","","","","","","","","","","","","tax","","","refund","l10n_id_21210020",""
"tax_22-403-01_purchase","l10n_id.tax_facility_na_ebupot","l10n_id.tax_category_22-403-01_ebupot","False","Sale of Very Luxury Goods Other Than Houses and Land, Apartments, Condominiums and the Like","","-5%","purchase","l10n_id_tax_group_pph22","5% 22-403-01","percent","-5.0","l10n_id_domestic_fiscal_position","base","","","invoice","",""
"","","","","","","","","","","","","","tax","","","invoice","l10n_id_21210020",""
"","","","","","","","","","","","","","base","","","refund","",""
"","","","","","","","","","","","","","tax","","","refund","l10n_id_21210020",""
"tax_22-403-02_purchase","l10n_id.tax_facility_na_ebupot","l10n_id.tax_category_22-403-02_ebupot","False","Sale of Very Luxury Goods for Houses and Land, Apartments, Condominiums and the Like","","-1%","purchase","l10n_id_tax_group_pph22","1% 22-403-02","percent","-1.0","l10n_id_domestic_fiscal_position","base","","","invoice","",""
"","","","","","","","","","","","","","tax","","","invoice","l10n_id_21210020",""
"","","","","","","","","","","","","","base","","","refund","",""
"","","","","","","","","","","","","","tax","","","refund","l10n_id_21210020",""
"tax_22-404-01_purchase","l10n_id.tax_facility_na_ebupot","l10n_id.tax_category_22-404-01_ebupot","False","Exports of Coal, Metal Minerals, and Non-Metal Minerals Mining Commodities Carried Out by Exporters, Except for Taxpayers Bound in PKP2B and KK","","-1.5%","purchase","l10n_id_tax_group_pph22","1.5% 22-404-01","percent","-1.5","l10n_id_foreign_trade_fiscal_position","base","","","invoice","",""
"","","","","","","","","","","","","","tax","","","invoice","l10n_id_21210020",""
"","","","","","","","","","","","","","base","","","refund","",""
"","","","","","","","","","","","","","tax","","","refund","l10n_id_21210020",""
"tax_22-405-01_purchase","l10n_id.tax_facility_na_ebupot","l10n_id.tax_category_22-405-01_ebupot","False","Income in Relation to Crypto Assets Collected by Trading Organizers Through Electronic Systems Who Are Physical Traders of Crypto Assets","","-0.1%","purchase","l10n_id_tax_group_pph22","0.1% 22-405-01","percent","-0.1","l10n_id_domestic_fiscal_position,l10n_id_foreign_trade_fiscal_position","base","","","invoice","",""
"","","","","","","","","","","","","","tax","","","invoice","l10n_id_21210020",""
"","","","","","","","","","","","","","base","","","refund","",""
"","","","","","","","","","","","","","tax","","","refund","l10n_id_21210020",""
"tax_22-405-02_purchase","l10n_id.tax_facility_na_ebupot","l10n_id.tax_category_22-405-02_ebupot","False","Income in Relation to Crypto Assets Collected by Trading Organizers Through Electronic Systems Who Are Not Physical Traders of Crypto Assets","","-0.2%","purchase","l10n_id_tax_group_pph22","0.2% 22-405-02","percent","-0.2","l10n_id_domestic_fiscal_position,l10n_id_foreign_trade_fiscal_position","base","","","invoice","",""
"","","","","","","","","","","","","","tax","","","invoice","l10n_id_21210020",""
"","","","","","","","","","","","","","base","","","refund","",""
"","","","","","","","","","","","","","tax","","","refund","l10n_id_21210020",""
"tax_22-101-01_purchase","l10n_id.tax_facility_na_ebupot","l10n_id.tax_category_22-101-01_ebupot","False","Income in Connection with Transactions on Sales of Goods, Delivery of Services, and/or Rentals and Other Income in Connection with the Use of Assets Carried Out Through Other Parties in the Government Procurement Information System (Non-Final)","","-0.5%","purchase","l10n_id_tax_group_pph22","0.5% 22-101-01","percent","-0.5","l10n_id_domestic_fiscal_position","base","","","invoice","",""
"","","","","","","","","","","","","","tax","","","invoice","l10n_id_21210020",""
"","","","","","","","","","","","","","base","","","refund","",""
"","","","","","","","","","","","","","tax","","","refund","l10n_id_21210020",""
"tax_22-101-02_purchase","l10n_id.tax_facility_na_ebupot","l10n_id.tax_category_22-101-02_ebupot","False","Income in Connection with Transactions on Sales of Goods, Delivery of Services, and/or Rentals and Other Income in Connection with the Use of Assets Carried Out Through Other Parties in the Government Procurement Information System (Final)","","-0.5%","purchase","l10n_id_tax_group_pph22","0.5% 22-101-02","percent","-0.5","l10n_id_domestic_fiscal_position","base","","","invoice","",""
"","","","","","","","","","","","","","tax","","","invoice","l10n_id_21210020",""
"","","","","","","","","","","","","","base","","","refund","",""
"","","","","","","","","","","","","","tax","","","refund","l10n_id_21210020",""
"tax_22-102-01_purchase","l10n_id.tax_facility_na_ebupot","l10n_id.tax_category_22-102-01_ebupot","True","Income Received or Obtained by Domestic Traders from the Sale of Goods, Provision of Services, and/or Rentals and Other Income in Connection with the Use of Assets Conducted Through Trading Through Electronic Systems (Non-Final)","","-0.5%","purchase","l10n_id_tax_group_pph22","0.5% 22-102-01","percent","-0.5","l10n_id_domestic_fiscal_position","base","","","invoice","",""
"","","","","","","","","","","","","","tax","","","invoice","l10n_id_21210020",""
"","","","","","","","","","","","","","base","","","refund","",""
"","","","","","","","","","","","","","tax","","","refund","l10n_id_21210020",""
"tax_22-102-02_purchase","l10n_id.tax_facility_na_ebupot","l10n_id.tax_category_22-102-02_ebupot","True","Income Received or Obtained by Domestic Traders from the Sale of Goods, Provision of Services, and/or Rentals and Other Income in Connection with the Use of Assets Conducted Through Electronic Trading Systems (Final)","","-0.5%","purchase","l10n_id_tax_group_pph22","0.5% 22-102-02","percent","-0.5","l10n_id_domestic_fiscal_position","base","","","invoice","",""
"","","","","","","","","","","","","","tax","","","invoice","l10n_id_21210020",""
"","","","","","","","","","","","","","base","","","refund","",""
"","","","","","","","","","","","","","tax","","","refund","l10n_id_21210020",""
"tax_22-100-25_purchase","l10n_id.tax_facility_na_ebupot","l10n_id.tax_category_22-100-25_ebupot","False","Domestic Sales of Gold Bullion by Gold Jewelry and/or Gold Bullion Entrepreneurs","","-0.25%","purchase","l10n_id_tax_group_pph22","0.25% 22-100-25","percent","-0.25","l10n_id_domestic_fiscal_position","base","","","invoice","",""
"","","","","","","","","","","","","","tax","","","invoice","l10n_id_21210020",""
"","","","","","","","","","","","","","base","","","refund","",""
"","","","","","","","","","","","","","tax","","","refund","l10n_id_21210020",""
"tax_22-100-26_purchase","l10n_id.tax_facility_na_ebupot","l10n_id.tax_category_22-100-26_ebupot","False","Domestic Sales of Gold Jewelry by Gold Jewelry and/or Gold Bar Entrepreneurs","","-0.25%","purchase","l10n_id_tax_group_pph22","0.25% 22-100-26","percent","-0.25","l10n_id_domestic_fiscal_position","base","","","invoice","",""
"","","","","","","","","","","","","","tax","","","invoice","l10n_id_21210020",""
"","","","","","","","","","","","","","base","","","refund","",""
"","","","","","","","","","","","","","tax","","","refund","l10n_id_21210020",""
"tax_22-100-27_purchase","l10n_id.tax_facility_na_ebupot","l10n_id.tax_category_22-100-27_ebupot","False","Sales of Jewelry Other Than Gold and/or Gemstones and/or Other Similar Stones by Gold Jewelry and/or Gold Bar Entrepreneurs","","-0.25%","purchase","l10n_id_tax_group_pph22","0.25% 22-100-27","percent","-0.25","l10n_id_domestic_fiscal_position","base","","","invoice","",""
"","","","","","","","","","","","","","tax","","","invoice","l10n_id_21210020",""
"","","","","","","","","","","","","","base","","","refund","",""
"","","","","","","","","","","","","","tax","","","refund","l10n_id_21210020",""
"tax_22-910-01_purchase","l10n_id.tax_facility_na_ebupot","l10n_id.tax_category_22-910-01_ebupot","True","Collection by the Treasurer","","-1.5%","purchase","l10n_id_tax_group_pph22","1.5% 22-910-01","percent","-1.5","l10n_id_domestic_fiscal_position","base","","","invoice","",""
"","","","","","","","","","","","","","tax","","","invoice","l10n_id_21210020",""
"","","","","","","","","","","","","","base","","","refund","",""
"","","","","","","","","","","","","","tax","","","refund","l10n_id_21210020",""
"tax_22-406-01_purchase","l10n_id.tax_facility_na_ebupot","l10n_id.tax_category_22-406-01_ebupot","False","Article 22 Income Tax payable on the Main Contractor's income in connection with the implementation of government projects financed by foreign grants or loans","","0%","purchase","l10n_id_tax_group_pph22","0% 22-406-01","percent","0.0","l10n_id_domestic_fiscal_position","base","","","invoice","",""
"","","","","","","","","","","","","","tax","","","invoice","l10n_id_21210020",""
"","","","","","","","","","","","","","base","","","refund","",""
"","","","","","","","","","","","","","tax","","","refund","l10n_id_21210020",""
"tax_22-401-05_purchase","l10n_id.tax_facility_na_ebupot","l10n_id.tax_category_22-401-05_ebupot","False","Sales of Fuel by Business Entities Other Than Pertamina or Pertamina Subsidiaries to Gas Stations/Agents/Distributors (Final) in Connection with the Implementation of Government Projects Financed by Grants or Foreign Loan Funds","","-0.3%","purchase","l10n_id_tax_group_pph22","0.3% 22-401-05","percent","-0.3","l10n_id_domestic_fiscal_position","base","","","invoice","",""
"","","","","","","","","","","","","","tax","","","invoice","l10n_id_21210020",""
"","","","","","","","","","","","","","base","","","refund","",""
"","","","","","","","","","","","","","tax","","","refund","l10n_id_21210020",""
"tax_22-405-04_purchase","l10n_id.tax_facility_na_ebupot","l10n_id.tax_category_22-405-04_ebupot","False","Income in Relation to Crypto Assets Collected by Trading Organizers Through Domestic Electronic Systems Who Are Digital Financial Asset Traders","","-0.21%","purchase","l10n_id_tax_group_pph22","0.21% 22-405-04","percent","-0.21","l10n_id_domestic_fiscal_position,l10n_id_foreign_trade_fiscal_position","base","","","invoice","",""
"","","","","","","","","","","","","","tax","","","invoice","l10n_id_21210020",""
"","","","","","","","","","","","","","base","","","refund","",""
"","","","","","","","","","","","","","tax","","","refund","l10n_id_21210020",""
"tax_22-405-05_purchase","l10n_id.tax_facility_na_ebupot","l10n_id.tax_category_22-405-05_ebupot","False","Income in Relation to Crypto Assets Collected by Foreign Electronic System Trading Providers Who Are Income Tax Collectors","","-1%","purchase","l10n_id_tax_group_pph22","1% 22-405-05","percent","-1.0","l10n_id_domestic_fiscal_position,l10n_id_foreign_trade_fiscal_position","base","","","invoice","",""
"","","","","","","","","","","","","","tax","","","invoice","l10n_id_21210020",""
"","","","","","","","","","","","","","base","","","refund","",""
"","","","","","","","","","","","","","tax","","","refund","l10n_id_21210020",""
"tax_22-100-28_purchase","l10n_id.tax_facility_na_ebupot","l10n_id.tax_category_22-100-28_ebupot","False","Purchase of gold bullion by Financial Services Institutions that organize Bullion Business Activities","","-0.25%","purchase","l10n_id_tax_group_pph22","0.25% 22-100-28","percent","-0.25","l10n_id_domestic_fiscal_position","base","","","invoice","",""
"","","","","","","","","","","","","","tax","","","invoice","l10n_id_21210020",""
"","","","","","","","","","","","","","base","","","refund","",""
"","","","","","","","","","","","","","tax","","","refund","l10n_id_21210020",""
"tax_24-101-01","l10n_id.tax_facility_na_ebupot","l10n_id.tax_category_24-101-01_ebupot","True","Dividend","","-15%","sale","l10n_id_tax_group_pph23","15% 24-101-01","percent","-15.0","l10n_id_domestic_fiscal_position","base","","","invoice","",""
"","","","","","","","","","","","","","tax","","","invoice","l10n_id_11510030",""
"","","","","","","","","","","","","","base","","","refund","",""
"","","","","","","","","","","","","","tax","","","refund","l10n_id_11510030",""
"tax_24-104-05","l10n_id.tax_facility_na_ebupot","l10n_id.tax_category_24-104-05_ebupot","False","Actuarial Services","","-2%","sale","l10n_id_tax_group_pph23","2% 24-104-05","percent","-2.0","l10n_id_domestic_fiscal_position","base","","","invoice","",""
"","","","","","","","","","","","","","tax","","","invoice","l10n_id_11510030",""
"","","","","","","","","","","","","","base","","","refund","",""
"","","","","","","","","","","","","","tax","","","refund","l10n_id_11510030",""
"tax_24-104-06","l10n_id.tax_facility_na_ebupot","l10n_id.tax_category_24-104-06_ebupot","False","Accounting, Bookkeeping, and Financial Statement Attestation Services","","-2%","sale","l10n_id_tax_group_pph23","2% 24-104-06","percent","-2.0","l10n_id_domestic_fiscal_position","base","","","invoice","",""
"","","","","","","","","","","","","","tax","","","invoice","l10n_id_11510030",""
"","","","","","","","","","","","","","base","","","refund","",""
"","","","","","","","","","","","","","tax","","","refund","l10n_id_11510030",""
"tax_24-104-07","l10n_id.tax_facility_na_ebupot","l10n_id.tax_category_24-104-07_ebupot","False","Legal Services","","-2%","sale","l10n_id_tax_group_pph23","2% 24-104-07","percent","-2.0","l10n_id_domestic_fiscal_position","base","","","invoice","",""
"","","","","","","","","","","","","","tax","","","invoice","l10n_id_11510030",""
"","","","","","","","","","","","","","base","","","refund","",""
"","","","","","","","","","","","","","tax","","","refund","l10n_id_11510030",""
"tax_24-104-08","l10n_id.tax_facility_na_ebupot","l10n_id.tax_category_24-104-08_ebupot","False","Architectural Services","","-2%","sale","l10n_id_tax_group_pph23","2% 24-104-08","percent","-2.0","l10n_id_domestic_fiscal_position","base","","","invoice","",""
"","","","","","","","","","","","","","tax","","","invoice","l10n_id_11510030",""
"","","","","","","","","","","","","","base","","","refund","",""
"","","","","","","","","","","","","","tax","","","refund","l10n_id_11510030",""
"tax_24-104-09","l10n_id.tax_facility_na_ebupot","l10n_id.tax_category_24-104-09_ebupot","False","Urban Planning and Landscape Architecture Services;","","-2%","sale","l10n_id_tax_group_pph23","2% 24-104-09","percent","-2.0","l10n_id_domestic_fiscal_position","base","","","invoice","",""
"","","","","","","","","","","","","","tax","","","invoice","l10n_id_11510030",""
"","","","","","","","","","","","","","base","","","refund","",""
"","","","","","","","","","","","","","tax","","","refund","l10n_id_11510030",""
"tax_24-104-10","l10n_id.tax_facility_na_ebupot","l10n_id.tax_category_24-104-10_ebupot","False","Design Services","","-2%","sale","l10n_id_tax_group_pph23","2% 24-104-10","percent","-2.0","l10n_id_domestic_fiscal_position","base","","","invoice","",""
"","","","","","","","","","","","","","tax","","","invoice","l10n_id_11510030",""
"","","","","","","","","","","","","","base","","","refund","",""
"","","","","","","","","","","","","","tax","","","refund","l10n_id_11510030",""
"tax_24-104-11","l10n_id.tax_facility_na_ebupot","l10n_id.tax_category_24-104-11_ebupot","False","Drilling Services in the Oil and Gas Mining Sector (Migas) Except those Carried Out by Permanent Establishments (BUT)","","-2%","sale","l10n_id_tax_group_pph23","2% 24-104-11","percent","-2.0","l10n_id_domestic_fiscal_position","base","","","invoice","",""
"","","","","","","","","","","","","","tax","","","invoice","l10n_id_11510030",""
"","","","","","","","","","","","","","base","","","refund","",""
"","","","","","","","","","","","","","tax","","","refund","l10n_id_11510030",""
"tax_24-104-12","l10n_id.tax_facility_na_ebupot","l10n_id.tax_category_24-104-12_ebupot","False","Supporting Services in the Geothermal and Oil and Gas Mining Business Sectors","","-2%","sale","l10n_id_tax_group_pph23","2% 24-104-12","percent","-2.0","l10n_id_domestic_fiscal_position","base","","","invoice","",""
"","","","","","","","","","","","","","tax","","","invoice","l10n_id_11510030",""
"","","","","","","","","","","","","","base","","","refund","",""
"","","","","","","","","","","","","","tax","","","refund","l10n_id_11510030",""
"tax_24-104-13","l10n_id.tax_facility_na_ebupot","l10n_id.tax_category_24-104-13_ebupot","False","Mining Services and Supporting Services Other Than in the Geothermal Business Sector and Oil and Gas Mining (Oil and Gas)","","-2%","sale","l10n_id_tax_group_pph23","2% 24-104-13","percent","-2.0","l10n_id_domestic_fiscal_position","base","","","invoice","",""
"","","","","","","","","","","","","","tax","","","invoice","l10n_id_11510030",""
"","","","","","","","","","","","","","base","","","refund","",""
"","","","","","","","","","","","","","tax","","","refund","l10n_id_11510030",""
"tax_24-106-01","l10n_id.tax_facility_na_ebupot","l10n_id.tax_category_24-106-01_ebupot","False","Article 23 Income Tax payable on the Main Contractor's income in connection with the implementation of government projects financed by foreign grants or loans","","0%","sale","l10n_id_tax_group_pph23","0% 24-106-01","percent","0.0","l10n_id_domestic_fiscal_position","base","","","invoice","",""
"","","","","","","","","","","","","","tax","","","invoice","l10n_id_11510030",""
"","","","","","","","","","","","","","base","","","refund","",""
"","","","","","","","","","","","","","tax","","","refund","l10n_id_11510030",""
"tax_24-104-14","l10n_id.tax_facility_na_ebupot","l10n_id.tax_category_24-104-14_ebupot","False","Supporting Services in the Aviation and Airport Sector","","-2%","sale","l10n_id_tax_group_pph23","2% 24-104-14","percent","-2.0","l10n_id_domestic_fiscal_position","base","","","invoice","",""
"","","","","","","","","","","","","","tax","","","invoice","l10n_id_11510030",""
"","","","","","","","","","","","","","base","","","refund","",""
"","","","","","","","","","","","","","tax","","","refund","l10n_id_11510030",""
"tax_24-102-01","l10n_id.tax_facility_na_ebupot","l10n_id.tax_category_24-102-01_ebupot","False","Interest other than that subject to Income Tax Article 4 paragraph (2)","","-15%","sale","l10n_id_tax_group_pph23","15% 24-102-01","percent","-15.0","l10n_id_domestic_fiscal_position","base","","","invoice","",""
"","","","","","","","","","","","","","tax","","","invoice","l10n_id_11510030",""
"","","","","","","","","","","","","","base","","","refund","",""
"","","","","","","","","","","","","","tax","","","refund","l10n_id_11510030",""
"tax_24-104-15","l10n_id.tax_facility_na_ebupot","l10n_id.tax_category_24-104-15_ebupot","False","Forest Logging Services","","-2%","sale","l10n_id_tax_group_pph23","2% 24-104-15","percent","-2.0","l10n_id_domestic_fiscal_position","base","","","invoice","",""
"","","","","","","","","","","","","","tax","","","invoice","l10n_id_11510030",""
"","","","","","","","","","","","","","base","","","refund","",""
"","","","","","","","","","","","","","tax","","","refund","l10n_id_11510030",""
"tax_24-103-02","l10n_id.tax_facility_na_ebupot","l10n_id.tax_category_24-103-02_ebupot","False","Royalties received or obtained by domestic individual Taxpayers who apply Income Tax calculations using the Net Income Calculation Norm","","-6%","sale","l10n_id_tax_group_pph23","6% 24-103-02","percent","-6.0","l10n_id_domestic_fiscal_position","base","","","invoice","",""
"","","","","","","","","","","","","","tax","","","invoice","l10n_id_11510030",""
"","","","","","","","","","","","","","base","","","refund","",""
"","","","","","","","","","","","","","tax","","","refund","l10n_id_11510030",""
"tax_24-104-16","l10n_id.tax_facility_na_ebupot","l10n_id.tax_category_24-104-16_ebupot","False","Waste Management Services","","-2%","sale","l10n_id_tax_group_pph23","2% 24-104-16","percent","-2.0","l10n_id_domestic_fiscal_position","base","","","invoice","",""
"","","","","","","","","","","","","","tax","","","invoice","l10n_id_11510030",""
"","","","","","","","","","","","","","base","","","refund","",""
"","","","","","","","","","","","","","tax","","","refund","l10n_id_11510030",""
"tax_24-104-17","l10n_id.tax_facility_na_ebupot","l10n_id.tax_category_24-104-17_ebupot","True","Outsourcing Services for Manpower and/or Experts","","-2%","sale","l10n_id_tax_group_pph23","2% 24-104-17","percent","-2.0","l10n_id_domestic_fiscal_position","base","","","invoice","",""
"","","","","","","","","","","","","","tax","","","invoice","l10n_id_11510030",""
"","","","","","","","","","","","","","base","","","refund","",""
"","","","","","","","","","","","","","tax","","","refund","l10n_id_11510030",""
"tax_24-104-18","l10n_id.tax_facility_na_ebupot","l10n_id.tax_category_24-104-18_ebupot","True","Intermediary and/or Agency Services","","-2%","sale","l10n_id_tax_group_pph23","2% 24-104-18","percent","-2.0","l10n_id_domestic_fiscal_position","base","","","invoice","",""
"","","","","","","","","","","","","","tax","","","invoice","l10n_id_11510030",""
"","","","","","","","","","","","","","base","","","refund","",""
"","","","","","","","","","","","","","tax","","","refund","l10n_id_11510030",""
"tax_24-104-19","l10n_id.tax_facility_na_ebupot","l10n_id.tax_category_24-104-19_ebupot","False","Securities Trading Services, Except those Conducted by the Stock Exchange, the Indonesian Central Securities Depository (KSEI) and the Indonesian Securities Clearing and Guarantee Corporation (KPEI)","","-2%","sale","l10n_id_tax_group_pph23","2% 24-104-19","percent","-2.0","l10n_id_domestic_fiscal_position","base","","","invoice","",""
"","","","","","","","","","","","","","tax","","","invoice","l10n_id_11510030",""
"","","","","","","","","","","","","","base","","","refund","",""
"","","","","","","","","","","","","","tax","","","refund","l10n_id_11510030",""
"tax_24-104-20","l10n_id.tax_facility_na_ebupot","l10n_id.tax_category_24-104-20_ebupot","False","Custodian/Storage/Safety Services, Except Those Carried Out by KSEI","","-2%","sale","l10n_id_tax_group_pph23","2% 24-104-20","percent","-2.0","l10n_id_domestic_fiscal_position","base","","","invoice","",""
"","","","","","","","","","","","","","tax","","","invoice","l10n_id_11510030",""
"","","","","","","","","","","","","","base","","","refund","",""
"","","","","","","","","","","","","","tax","","","refund","l10n_id_11510030",""
"tax_24-104-21","l10n_id.tax_facility_na_ebupot","l10n_id.tax_category_24-104-21_ebupot","False","Voice Over and/or Dubbing Services","","-2%","sale","l10n_id_tax_group_pph23","2% 24-104-21","percent","-2.0","l10n_id_domestic_fiscal_position","base","","","invoice","",""
"","","","","","","","","","","","","","tax","","","invoice","l10n_id_11510030",""
"","","","","","","","","","","","","","base","","","refund","",""
"","","","","","","","","","","","","","tax","","","refund","l10n_id_11510030",""
"tax_24-104-22","l10n_id.tax_facility_na_ebupot","l10n_id.tax_category_24-104-22_ebupot","False","Film Mixing Services","","-2%","sale","l10n_id_tax_group_pph23","2% 24-104-22","percent","-2.0","l10n_id_domestic_fiscal_position","base","","","invoice","",""
"","","","","","","","","","","","","","tax","","","invoice","l10n_id_11510030",""
"","","","","","","","","","","","","","base","","","refund","",""
"","","","","","","","","","","","","","tax","","","refund","l10n_id_11510030",""
"tax_24-104-23","l10n_id.tax_facility_na_ebupot","l10n_id.tax_category_24-104-23_ebupot","False","Promotional Media Creation Services for Films, Advertisements, Posters, Photos, Slides, Clichés, Banners, Pamphlets, Billboards and Folders","","-2%","sale","l10n_id_tax_group_pph23","2% 24-104-23","percent","-2.0","l10n_id_domestic_fiscal_position","base","","","invoice","",""
"","","","","","","","","","","","","","tax","","","invoice","l10n_id_11510030",""
"","","","","","","","","","","","","","base","","","refund","",""
"","","","","","","","","","","","","","tax","","","refund","l10n_id_11510030",""
"tax_24-104-24","l10n_id.tax_facility_na_ebupot","l10n_id.tax_category_24-104-24_ebupot","False","Services related to software or hardware or computer systems, including maintenance, upkeep and repair.","","-2%","sale","l10n_id_tax_group_pph23","2% 24-104-24","percent","-2.0","l10n_id_domestic_fiscal_position","base","","","invoice","",""
"","","","","","","","","","","","","","tax","","","invoice","l10n_id_11510030",""
"","","","","","","","","","","","","","base","","","refund","",""
"","","","","","","","","","","","","","tax","","","refund","l10n_id_11510030",""
"tax_24-103-01","l10n_id.tax_facility_na_ebupot","l10n_id.tax_category_24-103-01_ebupot","False","Royalty","","-15%","sale","l10n_id_tax_group_pph23","15% 24-103-01","percent","-15.0","l10n_id_domestic_fiscal_position","base","","","invoice","",""
"","","","","","","","","","","","","","tax","","","invoice","l10n_id_11510030",""
"","","","","","","","","","","","","","base","","","refund","",""
"","","","","","","","","","","","","","tax","","","refund","l10n_id_11510030",""
"tax_24-104-25","l10n_id.tax_facility_na_ebupot","l10n_id.tax_category_24-104-25_ebupot","False","Website Creation and/or Management Services","","-2%","sale","l10n_id_tax_group_pph23","2% 24-104-25","percent","-2.0","l10n_id_domestic_fiscal_position","base","","","invoice","",""
"","","","","","","","","","","","","","tax","","","invoice","l10n_id_11510030",""
"","","","","","","","","","","","","","base","","","refund","",""
"","","","","","","","","","","","","","tax","","","refund","l10n_id_11510030",""
"tax_24-104-26","l10n_id.tax_facility_na_ebupot","l10n_id.tax_category_24-104-26_ebupot","False","Internet Services Including Connection","","-2%","sale","l10n_id_tax_group_pph23","2% 24-104-26","percent","-2.0","l10n_id_domestic_fiscal_position","base","","","invoice","",""
"","","","","","","","","","","","","","tax","","","invoice","l10n_id_11510030",""
"","","","","","","","","","","","","","base","","","refund","",""
"","","","","","","","","","","","","","tax","","","refund","l10n_id_11510030",""
"tax_24-104-27","l10n_id.tax_facility_na_ebupot","l10n_id.tax_category_24-104-27_ebupot","False","Data, Information, and/or Program Storage, Processing and/or Distribution Services","","-2%","sale","l10n_id_tax_group_pph23","2% 24-104-27","percent","-2.0","l10n_id_domestic_fiscal_position","base","","","invoice","",""
"","","","","","","","","","","","","","tax","","","invoice","l10n_id_11510030",""
"","","","","","","","","","","","","","base","","","refund","",""
"","","","","","","","","","","","","","tax","","","refund","l10n_id_11510030",""
"tax_24-104-28","l10n_id.tax_facility_na_ebupot","l10n_id.tax_category_24-104-28_ebupot","False","Installation/Setup Services for Machines, Equipment, Electricity, Telephone, Water, Gas, Air Conditioning and/or Cable TV, Other Than Those Carried Out by Taxpayers Whose Scope is in the Construction Sector and Who Have a Permit and/or Certification as a Construction Entrepreneur;","","-2%","sale","l10n_id_tax_group_pph23","2% 24-104-28","percent","-2.0","l10n_id_domestic_fiscal_position","base","","","invoice","",""
"","","","","","","","","","","","","","tax","","","invoice","l10n_id_11510030",""
"","","","","","","","","","","","","","base","","","refund","",""
"","","","","","","","","","","","","","tax","","","refund","l10n_id_11510030",""
"tax_24-104-29","l10n_id.tax_facility_na_ebupot","l10n_id.tax_category_24-104-29_ebupot","False","Maintenance/Repair/Maintenance Services for Machines, Equipment, Electricity, Telephone, Water, Gas, Air Conditioning and/or Cable TV, Other Than Those Carried Out by Taxpayers Whose Scope is in the Construction Sector and Who Have a Permit and/or Certification as a Construction Entrepreneur","","-2%","sale","l10n_id_tax_group_pph23","2% 24-104-29","percent","-2.0","l10n_id_domestic_fiscal_position","base","","","invoice","",""
"","","","","","","","","","","","","","tax","","","invoice","l10n_id_11510030",""
"","","","","","","","","","","","","","base","","","refund","",""
"","","","","","","","","","","","","","tax","","","refund","l10n_id_11510030",""
"tax_24-104-30","l10n_id.tax_facility_na_ebupot","l10n_id.tax_category_24-104-30_ebupot","False","Land, Sea and Air Vehicle and/or Transportation Equipment Maintenance Services","","-2%","sale","l10n_id_tax_group_pph23","2% 24-104-30","percent","-2.0","l10n_id_domestic_fiscal_position","base","","","invoice","",""
"","","","","","","","","","","","","","tax","","","invoice","l10n_id_11510030",""
"","","","","","","","","","","","","","base","","","refund","",""
"","","","","","","","","","","","","","tax","","","refund","l10n_id_11510030",""
"tax_24-104-31","l10n_id.tax_facility_na_ebupot","l10n_id.tax_category_24-104-31_ebupot","False","Maklon Services","","-2%","sale","l10n_id_tax_group_pph23","2% 24-104-31","percent","-2.0","l10n_id_domestic_fiscal_position","base","","","invoice","",""
"","","","","","","","","","","","","","tax","","","invoice","l10n_id_11510030",""
"","","","","","","","","","","","","","base","","","refund","",""
"","","","","","","","","","","","","","tax","","","refund","l10n_id_11510030",""
"tax_24-104-32","l10n_id.tax_facility_na_ebupot","l10n_id.tax_category_24-104-32_ebupot","False","Investigation and Security Services","","-2%","sale","l10n_id_tax_group_pph23","2% 24-104-32","percent","-2.0","l10n_id_domestic_fiscal_position","base","","","invoice","",""
"","","","","","","","","","","","","","tax","","","invoice","l10n_id_11510030",""
"","","","","","","","","","","","","","base","","","refund","",""
"","","","","","","","","","","","","","tax","","","refund","l10n_id_11510030",""
"tax_24-104-33","l10n_id.tax_facility_na_ebupot","l10n_id.tax_category_24-104-33_ebupot","False","Event Organizer Services","","-2%","sale","l10n_id_tax_group_pph23","2% 24-104-33","percent","-2.0","l10n_id_domestic_fiscal_position","base","","","invoice","",""
"","","","","","","","","","","","","","tax","","","invoice","l10n_id_11510030",""
"","","","","","","","","","","","","","base","","","refund","",""
"","","","","","","","","","","","","","tax","","","refund","l10n_id_11510030",""
"tax_24-104-34","l10n_id.tax_facility_na_ebupot","l10n_id.tax_category_24-104-34_ebupot","False","Services for Providing Place and/or Time in Mass Media, Outdoor Media or Other Media for Information Delivery, and/or Advertising Services","","-2%","sale","l10n_id_tax_group_pph23","2% 24-104-34","percent","-2.0","l10n_id_domestic_fiscal_position","base","","","invoice","",""
"","","","","","","","","","","","","","tax","","","invoice","l10n_id_11510030",""
"","","","","","","","","","","","","","base","","","refund","",""
"","","","","","","","","","","","","","tax","","","refund","l10n_id_11510030",""
"tax_24-100-01","l10n_id.tax_facility_na_ebupot","l10n_id.tax_category_24-100-01_ebupot","True","Prizes, Awards, Bonuses and Other Things Apart from Those That Have Been Subject to Income Tax Article 21 Paragraph (1) Letter E of the Income Tax Law","","-15%","sale","l10n_id_tax_group_pph23","15% 24-100-01","percent","-15.0","l10n_id_domestic_fiscal_position","base","","","invoice","",""
"","","","","","","","","","","","","","tax","","","invoice","l10n_id_11510030",""
"","","","","","","","","","","","","","base","","","refund","",""
"","","","","","","","","","","","","","tax","","","refund","l10n_id_11510030",""
"tax_24-104-35","l10n_id.tax_facility_na_ebupot","l10n_id.tax_category_24-104-35_ebupot","False","Pest Control Services","","-2%","sale","l10n_id_tax_group_pph23","2% 24-104-35","percent","-2.0","l10n_id_domestic_fiscal_position","base","","","invoice","",""
"","","","","","","","","","","","","","tax","","","invoice","l10n_id_11510030",""
"","","","","","","","","","","","","","base","","","refund","",""
"","","","","","","","","","","","","","tax","","","refund","l10n_id_11510030",""
"tax_24-104-36","l10n_id.tax_facility_na_ebupot","l10n_id.tax_category_24-104-36_ebupot","False","Cleaning Services","","-2%","sale","l10n_id_tax_group_pph23","2% 24-104-36","percent","-2.0","l10n_id_domestic_fiscal_position","base","","","invoice","",""
"","","","","","","","","","","","","","tax","","","invoice","l10n_id_11510030",""
"","","","","","","","","","","","","","base","","","refund","",""
"","","","","","","","","","","","","","tax","","","refund","l10n_id_11510030",""
"tax_24-104-37","l10n_id.tax_facility_na_ebupot","l10n_id.tax_category_24-104-37_ebupot","False","Septic Tank Suction Services","","-2%","sale","l10n_id_tax_group_pph23","2% 24-104-37","percent","-2.0","l10n_id_domestic_fiscal_position","base","","","invoice","",""
"","","","","","","","","","","","","","tax","","","invoice","l10n_id_11510030",""
"","","","","","","","","","","","","","base","","","refund","",""
"","","","","","","","","","","","","","tax","","","refund","l10n_id_11510030",""
"tax_24-104-38","l10n_id.tax_facility_na_ebupot","l10n_id.tax_category_24-104-38_ebupot","False","Pool Maintenance Services","","-2%","sale","l10n_id_tax_group_pph23","2% 24-104-38","percent","-2.0","l10n_id_domestic_fiscal_position","base","","","invoice","",""
"","","","","","","","","","","","","","tax","","","invoice","l10n_id_11510030",""
"","","","","","","","","","","","","","base","","","refund","",""
"","","","","","","","","","","","","","tax","","","refund","l10n_id_11510030",""
"tax_24-104-39","l10n_id.tax_facility_na_ebupot","l10n_id.tax_category_24-104-39_ebupot","False","Catering or Culinary Services","","-2%","sale","l10n_id_tax_group_pph23","2% 24-104-39","percent","-2.0","l10n_id_domestic_fiscal_position","base","","","invoice","",""
"","","","","","","","","","","","","","tax","","","invoice","l10n_id_11510030",""
"","","","","","","","","","","","","","base","","","refund","",""
"","","","","","","","","","","","","","tax","","","refund","l10n_id_11510030",""
"tax_24-104-40","l10n_id.tax_facility_na_ebupot","l10n_id.tax_category_24-104-40_ebupot","False","Freight Forwarding Services","","-2%","sale","l10n_id_tax_group_pph23","2% 24-104-40","percent","-2.0","l10n_id_domestic_fiscal_position","base","","","invoice","",""
"","","","","","","","","","","","","","tax","","","invoice","l10n_id_11510030",""
"","","","","","","","","","","","","","base","","","refund","",""
"","","","","","","","","","","","","","tax","","","refund","l10n_id_11510030",""
"tax_24-104-41","l10n_id.tax_facility_na_ebupot","l10n_id.tax_category_24-104-41_ebupot","False","Logistics Services","","-2%","sale","l10n_id_tax_group_pph23","2% 24-104-41","percent","-2.0","l10n_id_domestic_fiscal_position","base","","","invoice","",""
"","","","","","","","","","","","","","tax","","","invoice","l10n_id_11510030",""
"","","","","","","","","","","","","","base","","","refund","",""
"","","","","","","","","","","","","","tax","","","refund","l10n_id_11510030",""
"tax_24-104-42","l10n_id.tax_facility_na_ebupot","l10n_id.tax_category_24-104-42_ebupot","False","Document Management Services","","-2%","sale","l10n_id_tax_group_pph23","2% 24-104-42","percent","-2.0","l10n_id_domestic_fiscal_position","base","","","invoice","",""
"","","","","","","","","","","","","","tax","","","invoice","l10n_id_11510030",""
"","","","","","","","","","","","","","base","","","refund","",""
"","","","","","","","","","","","","","tax","","","refund","l10n_id_11510030",""
"tax_24-104-43","l10n_id.tax_facility_na_ebupot","l10n_id.tax_category_24-104-43_ebupot","False","Packing Services","","-2%","sale","l10n_id_tax_group_pph23","2% 24-104-43","percent","-2.0","l10n_id_domestic_fiscal_position","base","","","invoice","",""
"","","","","","","","","","","","","","tax","","","invoice","l10n_id_11510030",""
"","","","","","","","","","","","","","base","","","refund","",""
"","","","","","","","","","","","","","tax","","","refund","l10n_id_11510030",""
"tax_24-104-44","l10n_id.tax_facility_na_ebupot","l10n_id.tax_category_24-104-44_ebupot","False","Loading and Unloading Services","","-2%","sale","l10n_id_tax_group_pph23","2% 24-104-44","percent","-2.0","l10n_id_domestic_fiscal_position","base","","","invoice","",""
"","","","","","","","","","","","","","tax","","","invoice","l10n_id_11510030",""
"","","","","","","","","","","","","","base","","","refund","",""
"","","","","","","","","","","","","","tax","","","refund","l10n_id_11510030",""
"tax_24-100-02","l10n_id.tax_facility_na_ebupot","l10n_id.tax_category_24-100-02_ebupot","False","Rent and Other Income Related to the Use of Property Except for Rent of Land and/or Buildings Which Have Been Subjected to Income Tax Article 4 Paragraph (2) of the Income Tax Law.","","-2%","sale","l10n_id_tax_group_pph23","2% 24-100-02","percent","-2.0","l10n_id_domestic_fiscal_position","base","","","invoice","",""
"","","","","","","","","","","","","","tax","","","invoice","l10n_id_11510030",""
"","","","","","","","","","","","","","base","","","refund","",""
"","","","","","","","","","","","","","tax","","","refund","l10n_id_11510030",""
"tax_24-104-45","l10n_id.tax_facility_na_ebupot","l10n_id.tax_category_24-104-45_ebupot","False","Laboratory and/or Testing Services Except Those Carried Out by Educational Institutions or Agencies for Academic Research","","-2%","sale","l10n_id_tax_group_pph23","2% 24-104-45","percent","-2.0","l10n_id_domestic_fiscal_position","base","","","invoice","",""
"","","","","","","","","","","","","","tax","","","invoice","l10n_id_11510030",""
"","","","","","","","","","","","","","base","","","refund","",""
"","","","","","","","","","","","","","tax","","","refund","l10n_id_11510030",""
"tax_24-104-46","l10n_id.tax_facility_na_ebupot","l10n_id.tax_category_24-104-46_ebupot","False","Parking Management Services","","-2%","sale","l10n_id_tax_group_pph23","2% 24-104-46","percent","-2.0","l10n_id_domestic_fiscal_position","base","","","invoice","",""
"","","","","","","","","","","","","","tax","","","invoice","l10n_id_11510030",""
"","","","","","","","","","","","","","base","","","refund","",""
"","","","","","","","","","","","","","tax","","","refund","l10n_id_11510030",""
"tax_24-104-47","l10n_id.tax_facility_na_ebupot","l10n_id.tax_category_24-104-47_ebupot","False","Land Surveying Services","","-2%","sale","l10n_id_tax_group_pph23","2% 24-104-47","percent","-2.0","l10n_id_domestic_fiscal_position","base","","","invoice","",""
"","","","","","","","","","","","","","tax","","","invoice","l10n_id_11510030",""
"","","","","","","","","","","","","","base","","","refund","",""
"","","","","","","","","","","","","","tax","","","refund","l10n_id_11510030",""
"tax_24-104-48","l10n_id.tax_facility_na_ebupot","l10n_id.tax_category_24-104-48_ebupot","False","Land Preparation and/or Processing Services","","-2%","sale","l10n_id_tax_group_pph23","2% 24-104-48","percent","-2.0","l10n_id_domestic_fiscal_position","base","","","invoice","",""
"","","","","","","","","","","","","","tax","","","invoice","l10n_id_11510030",""
"","","","","","","","","","","","","","base","","","refund","",""
"","","","","","","","","","","","","","tax","","","refund","l10n_id_11510030",""
"tax_24-104-49","l10n_id.tax_facility_na_ebupot","l10n_id.tax_category_24-104-49_ebupot","False","Nursery and/or Seedling Planting Services","","-2%","sale","l10n_id_tax_group_pph23","2% 24-104-49","percent","-2.0","l10n_id_domestic_fiscal_position","base","","","invoice","",""
"","","","","","","","","","","","","","tax","","","invoice","l10n_id_11510030",""
"","","","","","","","","","","","","","base","","","refund","",""
"","","","","","","","","","","","","","tax","","","refund","l10n_id_11510030",""
"tax_24-104-50","l10n_id.tax_facility_na_ebupot","l10n_id.tax_category_24-104-50_ebupot","False","Plant Maintenance Services","","-2%","sale","l10n_id_tax_group_pph23","2% 24-104-50","percent","-2.0","l10n_id_domestic_fiscal_position","base","","","invoice","",""
"","","","","","","","","","","","","","tax","","","invoice","l10n_id_11510030",""
"","","","","","","","","","","","","","base","","","refund","",""
"","","","","","","","","","","","","","tax","","","refund","l10n_id_11510030",""
"tax_24-104-51","l10n_id.tax_facility_na_ebupot","l10n_id.tax_category_24-104-51_ebupot","False","Harvesting Services","","-2%","sale","l10n_id_tax_group_pph23","2% 24-104-51","percent","-2.0","l10n_id_domestic_fiscal_position","base","","","invoice","",""
"","","","","","","","","","","","","","tax","","","invoice","l10n_id_11510030",""
"","","","","","","","","","","","","","base","","","refund","",""
"","","","","","","","","","","","","","tax","","","refund","l10n_id_11510030",""
"tax_24-104-52","l10n_id.tax_facility_na_ebupot","l10n_id.tax_category_24-104-52_ebupot","False","Agricultural, Plantation, Fishery, Livestock and/or Forestry Product Processing Services","","-2%","sale","l10n_id_tax_group_pph23","2% 24-104-52","percent","-2.0","l10n_id_domestic_fiscal_position","base","","","invoice","",""
"","","","","","","","","","","","","","tax","","","invoice","l10n_id_11510030",""
"","","","","","","","","","","","","","base","","","refund","",""
"","","","","","","","","","","","","","tax","","","refund","l10n_id_11510030",""
"tax_24-104-53","l10n_id.tax_facility_na_ebupot","l10n_id.tax_category_24-104-53_ebupot","False","Decoration Services","","-2%","sale","l10n_id_tax_group_pph23","2% 24-104-53","percent","-2.0","l10n_id_domestic_fiscal_position","base","","","invoice","",""
"","","","","","","","","","","","","","tax","","","invoice","l10n_id_11510030",""
"","","","","","","","","","","","","","base","","","refund","",""
"","","","","","","","","","","","","","tax","","","refund","l10n_id_11510030",""
"tax_24-104-54","l10n_id.tax_facility_na_ebupot","l10n_id.tax_category_24-104-54_ebupot","False","Printing/Publishing Services","","-2%","sale","l10n_id_tax_group_pph23","2% 24-104-54","percent","-2.0","l10n_id_domestic_fiscal_position","base","","","invoice","",""
"","","","","","","","","","","","","","tax","","","invoice","l10n_id_11510030",""
"","","","","","","","","","","","","","base","","","refund","",""
"","","","","","","","","","","","","","tax","","","refund","l10n_id_11510030",""
"tax_24-104-01","l10n_id.tax_facility_na_ebupot","l10n_id.tax_category_24-104-01_ebupot","True","Engineering Services","","-2%","sale","l10n_id_tax_group_pph23","2% 24-104-01","percent","-2.0","l10n_id_domestic_fiscal_position","base","","","invoice","",""
"","","","","","","","","","","","","","tax","","","invoice","l10n_id_11510030",""
"","","","","","","","","","","","","","base","","","refund","",""
"","","","","","","","","","","","","","tax","","","refund","l10n_id_11510030",""
"tax_24-104-55","l10n_id.tax_facility_na_ebupot","l10n_id.tax_category_24-104-55_ebupot","False","Translation Services","","-2%","sale","l10n_id_tax_group_pph23","2% 24-104-55","percent","-2.0","l10n_id_domestic_fiscal_position","base","","","invoice","",""
"","","","","","","","","","","","","","tax","","","invoice","l10n_id_11510030",""
"","","","","","","","","","","","","","base","","","refund","",""
"","","","","","","","","","","","","","tax","","","refund","l10n_id_11510030",""
"tax_24-104-56","l10n_id.tax_facility_na_ebupot","l10n_id.tax_category_24-104-56_ebupot","False","Transportation/Expedition Services Except Those Regulated in Article 15 of the Income Tax Law","","-2%","sale","l10n_id_tax_group_pph23","2% 24-104-56","percent","-2.0","l10n_id_domestic_fiscal_position","base","","","invoice","",""
"","","","","","","","","","","","","","tax","","","invoice","l10n_id_11510030",""
"","","","","","","","","","","","","","base","","","refund","",""
"","","","","","","","","","","","","","tax","","","refund","l10n_id_11510030",""
"tax_24-104-57","l10n_id.tax_facility_na_ebupot","l10n_id.tax_category_24-104-57_ebupot","False","Port Services","","-2%","sale","l10n_id_tax_group_pph23","2% 24-104-57","percent","-2.0","l10n_id_domestic_fiscal_position","base","","","invoice","",""
"","","","","","","","","","","","","","tax","","","invoice","l10n_id_11510030",""
"","","","","","","","","","","","","","base","","","refund","",""
"","","","","","","","","","","","","","tax","","","refund","l10n_id_11510030",""
"tax_24-104-58","l10n_id.tax_facility_na_ebupot","l10n_id.tax_category_24-104-58_ebupot","False","Pipeline Transportation Services","","-2%","sale","l10n_id_tax_group_pph23","2% 24-104-58","percent","-2.0","l10n_id_domestic_fiscal_position","base","","","invoice","",""
"","","","","","","","","","","","","","tax","","","invoice","l10n_id_11510030",""
"","","","","","","","","","","","","","base","","","refund","",""
"","","","","","","","","","","","","","tax","","","refund","l10n_id_11510030",""
"tax_24-104-59","l10n_id.tax_facility_na_ebupot","l10n_id.tax_category_24-104-59_ebupot","False","Childcare Management Services","","-2%","sale","l10n_id_tax_group_pph23","2% 24-104-59","percent","-2.0","l10n_id_domestic_fiscal_position","base","","","invoice","",""
"","","","","","","","","","","","","","tax","","","invoice","l10n_id_11510030",""
"","","","","","","","","","","","","","base","","","refund","",""
"","","","","","","","","","","","","","tax","","","refund","l10n_id_11510030",""
"tax_24-104-60","l10n_id.tax_facility_na_ebupot","l10n_id.tax_category_24-104-60_ebupot","False","Training and/or Course Services","","-2%","sale","l10n_id_tax_group_pph23","2% 24-104-60","percent","-2.0","l10n_id_domestic_fiscal_position","base","","","invoice","",""
"","","","","","","","","","","","","","tax","","","invoice","l10n_id_11510030",""
"","","","","","","","","","","","","","base","","","refund","",""
"","","","","","","","","","","","","","tax","","","refund","l10n_id_11510030",""
"tax_24-104-61","l10n_id.tax_facility_na_ebupot","l10n_id.tax_category_24-104-61_ebupot","False","ATM Money Transfer and Top-Up Services","","-2%","sale","l10n_id_tax_group_pph23","2% 24-104-61","percent","-2.0","l10n_id_domestic_fiscal_position","base","","","invoice","",""
"","","","","","","","","","","","","","tax","","","invoice","l10n_id_11510030",""
"","","","","","","","","","","","","","base","","","refund","",""
"","","","","","","","","","","","","","tax","","","refund","l10n_id_11510030",""
"tax_24-104-62","l10n_id.tax_facility_na_ebupot","l10n_id.tax_category_24-104-62_ebupot","False","Certification Services","","-2%","sale","l10n_id_tax_group_pph23","2% 24-104-62","percent","-2.0","l10n_id_domestic_fiscal_position","base","","","invoice","",""
"","","","","","","","","","","","","","tax","","","invoice","l10n_id_11510030",""
"","","","","","","","","","","","","","base","","","refund","",""
"","","","","","","","","","","","","","tax","","","refund","l10n_id_11510030",""
"tax_24-104-63","l10n_id.tax_facility_na_ebupot","l10n_id.tax_category_24-104-63_ebupot","False","Survey Services","","-2%","sale","l10n_id_tax_group_pph23","2% 24-104-63","percent","-2.0","l10n_id_domestic_fiscal_position","base","","","invoice","",""
"","","","","","","","","","","","","","tax","","","invoice","l10n_id_11510030",""
"","","","","","","","","","","","","","base","","","refund","",""
"","","","","","","","","","","","","","tax","","","refund","l10n_id_11510030",""
"tax_24-104-64","l10n_id.tax_facility_na_ebupot","l10n_id.tax_category_24-104-64_ebupot","False","Tester Services","","-2%","sale","l10n_id_tax_group_pph23","2% 24-104-64","percent","-2.0","l10n_id_domestic_fiscal_position","base","","","invoice","",""
"","","","","","","","","","","","","","tax","","","invoice","l10n_id_11510030",""
"","","","","","","","","","","","","","base","","","refund","",""
"","","","","","","","","","","","","","tax","","","refund","l10n_id_11510030",""
"tax_24-104-02","l10n_id.tax_facility_na_ebupot","l10n_id.tax_category_24-104-02_ebupot","True","Management Services","","-2%","sale","l10n_id_tax_group_pph23","2% 24-104-02","percent","-2.0","l10n_id_domestic_fiscal_position","base","","","invoice","",""
"","","","","","","","","","","","","","tax","","","invoice","l10n_id_11510030",""
"","","","","","","","","","","","","","base","","","refund","",""
"","","","","","","","","","","","","","tax","","","refund","l10n_id_11510030",""
"tax_24-104-65","l10n_id.tax_facility_na_ebupot","l10n_id.tax_category_24-104-65_ebupot","False","Services other than the services mentioned above whose payment is charged to the APBN (State Revenue and Expenditure Budget) or APBD (Regional Revenue and Expenditure Budget).","","-2%","sale","l10n_id_tax_group_pph23","2% 24-104-65","percent","-2.0","l10n_id_domestic_fiscal_position","base","","","invoice","",""
"","","","","","","","","","","","","","tax","","","invoice","l10n_id_11510030",""
"","","","","","","","","","","","","","base","","","refund","",""
"","","","","","","","","","","","","","tax","","","refund","l10n_id_11510030",""
"tax_24-104-66","l10n_id.tax_facility_na_ebupot","l10n_id.tax_category_24-104-66_ebupot","False","Payment Transaction Service Provision Related to Token Distribution by Distribution Provider","","-2%","sale","l10n_id_tax_group_pph23","2% 24-104-66","percent","-2.0","l10n_id_domestic_fiscal_position","base","","","invoice","",""
"","","","","","","","","","","","","","tax","","","invoice","l10n_id_11510030",""
"","","","","","","","","","","","","","base","","","refund","",""
"","","","","","","","","","","","","","tax","","","refund","l10n_id_11510030",""
"tax_24-104-67","l10n_id.tax_facility_na_ebupot","l10n_id.tax_category_24-104-67_ebupot","False","Marketing Services with Voucher Media by Voucher Organizers","","-2%","sale","l10n_id_tax_group_pph23","2% 24-104-67","percent","-2.0","l10n_id_domestic_fiscal_position","base","","","invoice","",""
"","","","","","","","","","","","","","tax","","","invoice","l10n_id_11510030",""
"","","","","","","","","","","","","","base","","","refund","",""
"","","","","","","","","","","","","","tax","","","refund","l10n_id_11510030",""
"tax_24-104-68","l10n_id.tax_facility_na_ebupot","l10n_id.tax_category_24-104-68_ebupot","False","Payment Transaction Services Related to Voucher Distribution by Voucher Providers and Distribution Providers","","-2%","sale","l10n_id_tax_group_pph23","2% 24-104-68","percent","-2.0","l10n_id_domestic_fiscal_position","base","","","invoice","",""
"","","","","","","","","","","","","","tax","","","invoice","l10n_id_11510030",""
"","","","","","","","","","","","","","base","","","refund","",""
"","","","","","","","","","","","","","tax","","","refund","l10n_id_11510030",""
"tax_24-104-69","l10n_id.tax_facility_na_ebupot","l10n_id.tax_category_24-104-69_ebupot","False","Customer Loyalty and Reward Program Implementation Services (Consumer Loyalty/Reward Program) by Voucher Organizers","","-2%","sale","l10n_id_tax_group_pph23","2% 24-104-69","percent","-2.0","l10n_id_domestic_fiscal_position","base","","","invoice","",""
"","","","","","","","","","","","","","tax","","","invoice","l10n_id_11510030",""
"","","","","","","","","","","","","","base","","","refund","",""
"","","","","","","","","","","","","","tax","","","refund","l10n_id_11510030",""
"tax_24-105-01","l10n_id.tax_facility_na_ebupot","l10n_id.tax_category_24-105-01_ebupot","False","Interest on Loans Received by Domestic Taxpayers and Permanent Establishments Through Information Technology-Based Money Lending Services","","-15%","sale","l10n_id_tax_group_pph23","15% 24-105-01","percent","-15.0","l10n_id_domestic_fiscal_position","base","","","invoice","",""
"","","","","","","","","","","","","","tax","","","invoice","l10n_id_11510030",""
"","","","","","","","","","","","","","base","","","refund","",""
"","","","","","","","","","","","","","tax","","","refund","l10n_id_11510030",""
"tax_24-104-03","l10n_id.tax_facility_na_ebupot","l10n_id.tax_category_24-104-03_ebupot","True","Consulting Services","","-2%","sale","l10n_id_tax_group_pph23","2% 24-104-03","percent","-2.0","l10n_id_domestic_fiscal_position","base","","","invoice","",""
"","","","","","","","","","","","","","tax","","","invoice","l10n_id_11510030",""
"","","","","","","","","","","","","","base","","","refund","",""
"","","","","","","","","","","","","","tax","","","refund","l10n_id_11510030",""
"tax_24-104-04","l10n_id.tax_facility_na_ebupot","l10n_id.tax_category_24-104-04_ebupot","False","Appraisal Services","","-2%","sale","l10n_id_tax_group_pph23","2% 24-104-04","percent","-2.0","l10n_id_domestic_fiscal_position","base","","","invoice","",""
"","","","","","","","","","","","","","tax","","","invoice","l10n_id_11510030",""
"","","","","","","","","","","","","","base","","","refund","",""
"","","","","","","","","","","","","","tax","","","refund","l10n_id_11510030",""
"tax_24-101-01_purchase","l10n_id.tax_facility_na_ebupot","l10n_id.tax_category_24-101-01_ebupot","True","Dividend","","-15%","purchase","l10n_id_tax_group_pph23","15% 24-101-01","percent","-15.0","l10n_id_domestic_fiscal_position","base","","","invoice","",""
"","","","","","","","","","","","","","tax","","","invoice","l10n_id_21210030",""
"","","","","","","","","","","","","","base","","","refund","",""
"","","","","","","","","","","","","","tax","","","refund","l10n_id_21210030",""
"tax_24-104-05_purchase","l10n_id.tax_facility_na_ebupot","l10n_id.tax_category_24-104-05_ebupot","False","Actuarial Services","","-2%","purchase","l10n_id_tax_group_pph23","2% 24-104-05","percent","-2.0","l10n_id_domestic_fiscal_position","base","","","invoice","",""
"","","","","","","","","","","","","","tax","","","invoice","l10n_id_21210030",""
"","","","","","","","","","","","","","base","","","refund","",""
"","","","","","","","","","","","","","tax","","","refund","l10n_id_21210030",""
"tax_24-104-06_purchase","l10n_id.tax_facility_na_ebupot","l10n_id.tax_category_24-104-06_ebupot","False","Accounting, Bookkeeping, and Financial Statement Attestation Services","","-2%","purchase","l10n_id_tax_group_pph23","2% 24-104-06","percent","-2.0","l10n_id_domestic_fiscal_position","base","","","invoice","",""
"","","","","","","","","","","","","","tax","","","invoice","l10n_id_21210030",""
"","","","","","","","","","","","","","base","","","refund","",""
"","","","","","","","","","","","","","tax","","","refund","l10n_id_21210030",""
"tax_24-104-07_purchase","l10n_id.tax_facility_na_ebupot","l10n_id.tax_category_24-104-07_ebupot","False","Legal Services","","-2%","purchase","l10n_id_tax_group_pph23","2% 24-104-07","percent","-2.0","l10n_id_domestic_fiscal_position","base","","","invoice","",""
"","","","","","","","","","","","","","tax","","","invoice","l10n_id_21210030",""
"","","","","","","","","","","","","","base","","","refund","",""
"","","","","","","","","","","","","","tax","","","refund","l10n_id_21210030",""
"tax_24-104-08_purchase","l10n_id.tax_facility_na_ebupot","l10n_id.tax_category_24-104-08_ebupot","False","Architectural Services","","-2%","purchase","l10n_id_tax_group_pph23","2% 24-104-08","percent","-2.0","l10n_id_domestic_fiscal_position","base","","","invoice","",""
"","","","","","","","","","","","","","tax","","","invoice","l10n_id_21210030",""
"","","","","","","","","","","","","","base","","","refund","",""
"","","","","","","","","","","","","","tax","","","refund","l10n_id_21210030",""
"tax_24-104-09_purchase","l10n_id.tax_facility_na_ebupot","l10n_id.tax_category_24-104-09_ebupot","False","Urban Planning and Landscape Architecture Services;","","-2%","purchase","l10n_id_tax_group_pph23","2% 24-104-09","percent","-2.0","l10n_id_domestic_fiscal_position","base","","","invoice","",""
"","","","","","","","","","","","","","tax","","","invoice","l10n_id_21210030",""
"","","","","","","","","","","","","","base","","","refund","",""
"","","","","","","","","","","","","","tax","","","refund","l10n_id_21210030",""
"tax_24-104-10_purchase","l10n_id.tax_facility_na_ebupot","l10n_id.tax_category_24-104-10_ebupot","False","Design Services","","-2%","purchase","l10n_id_tax_group_pph23","2% 24-104-10","percent","-2.0","l10n_id_domestic_fiscal_position","base","","","invoice","",""
"","","","","","","","","","","","","","tax","","","invoice","l10n_id_21210030",""
"","","","","","","","","","","","","","base","","","refund","",""
"","","","","","","","","","","","","","tax","","","refund","l10n_id_21210030",""
"tax_24-104-11_purchase","l10n_id.tax_facility_na_ebupot","l10n_id.tax_category_24-104-11_ebupot","False","Drilling Services in the Oil and Gas Mining Sector (Migas) Except those Carried Out by Permanent Establishments (BUT)","","-2%","purchase","l10n_id_tax_group_pph23","2% 24-104-11","percent","-2.0","l10n_id_domestic_fiscal_position","base","","","invoice","",""
"","","","","","","","","","","","","","tax","","","invoice","l10n_id_21210030",""
"","","","","","","","","","","","","","base","","","refund","",""
"","","","","","","","","","","","","","tax","","","refund","l10n_id_21210030",""
"tax_24-104-12_purchase","l10n_id.tax_facility_na_ebupot","l10n_id.tax_category_24-104-12_ebupot","False","Supporting Services in the Geothermal and Oil and Gas Mining Business Sectors","","-2%","purchase","l10n_id_tax_group_pph23","2% 24-104-12","percent","-2.0","l10n_id_domestic_fiscal_position","base","","","invoice","",""
"","","","","","","","","","","","","","tax","","","invoice","l10n_id_21210030",""
"","","","","","","","","","","","","","base","","","refund","",""
"","","","","","","","","","","","","","tax","","","refund","l10n_id_21210030",""
"tax_24-104-13_purchase","l10n_id.tax_facility_na_ebupot","l10n_id.tax_category_24-104-13_ebupot","False","Mining Services and Supporting Services Other Than in the Geothermal Business Sector and Oil and Gas Mining (Oil and Gas)","","-2%","purchase","l10n_id_tax_group_pph23","2% 24-104-13","percent","-2.0","l10n_id_domestic_fiscal_position","base","","","invoice","",""
"","","","","","","","","","","","","","tax","","","invoice","l10n_id_21210030",""
"","","","","","","","","","","","","","base","","","refund","",""
"","","","","","","","","","","","","","tax","","","refund","l10n_id_21210030",""
"tax_24-106-01_purchase","l10n_id.tax_facility_na_ebupot","l10n_id.tax_category_24-106-01_ebupot","False","Article 23 Income Tax payable on the Main Contractor's income in connection with the implementation of government projects financed by foreign grants or loans","","0%","purchase","l10n_id_tax_group_pph23","0% 24-106-01","percent","0.0","l10n_id_domestic_fiscal_position","base","","","invoice","",""
"","","","","","","","","","","","","","tax","","","invoice","l10n_id_21210030",""
"","","","","","","","","","","","","","base","","","refund","",""
"","","","","","","","","","","","","","tax","","","refund","l10n_id_21210030",""
"tax_24-104-14_purchase","l10n_id.tax_facility_na_ebupot","l10n_id.tax_category_24-104-14_ebupot","False","Supporting Services in the Aviation and Airport Sector","","-2%","purchase","l10n_id_tax_group_pph23","2% 24-104-14","percent","-2.0","l10n_id_domestic_fiscal_position","base","","","invoice","",""
"","","","","","","","","","","","","","tax","","","invoice","l10n_id_21210030",""
"","","","","","","","","","","","","","base","","","refund","",""
"","","","","","","","","","","","","","tax","","","refund","l10n_id_21210030",""
"tax_24-102-01_purchase","l10n_id.tax_facility_na_ebupot","l10n_id.tax_category_24-102-01_ebupot","False","Interest other than that subject to Income Tax Article 4 paragraph (2)","","-15%","purchase","l10n_id_tax_group_pph23","15% 24-102-01","percent","-15.0","l10n_id_domestic_fiscal_position","base","","","invoice","",""
"","","","","","","","","","","","","","tax","","","invoice","l10n_id_21210030",""
"","","","","","","","","","","","","","base","","","refund","",""
"","","","","","","","","","","","","","tax","","","refund","l10n_id_21210030",""
"tax_24-104-15_purchase","l10n_id.tax_facility_na_ebupot","l10n_id.tax_category_24-104-15_ebupot","False","Forest Logging Services","","-2%","purchase","l10n_id_tax_group_pph23","2% 24-104-15","percent","-2.0","l10n_id_domestic_fiscal_position","base","","","invoice","",""
"","","","","","","","","","","","","","tax","","","invoice","l10n_id_21210030",""
"","","","","","","","","","","","","","base","","","refund","",""
"","","","","","","","","","","","","","tax","","","refund","l10n_id_21210030",""
"tax_24-103-02_purchase","l10n_id.tax_facility_na_ebupot","l10n_id.tax_category_24-103-02_ebupot","False","Royalties received or obtained by domestic individual Taxpayers who apply Income Tax calculations using the Net Income Calculation Norm","","-6%","purchase","l10n_id_tax_group_pph23","6% 24-103-02","percent","-6.0","l10n_id_domestic_fiscal_position","base","","","invoice","",""
"","","","","","","","","","","","","","tax","","","invoice","l10n_id_21210030",""
"","","","","","","","","","","","","","base","","","refund","",""
"","","","","","","","","","","","","","tax","","","refund","l10n_id_21210030",""
"tax_24-104-16_purchase","l10n_id.tax_facility_na_ebupot","l10n_id.tax_category_24-104-16_ebupot","False","Waste Management Services","","-2%","purchase","l10n_id_tax_group_pph23","2% 24-104-16","percent","-2.0","l10n_id_domestic_fiscal_position","base","","","invoice","",""
"","","","","","","","","","","","","","tax","","","invoice","l10n_id_21210030",""
"","","","","","","","","","","","","","base","","","refund","",""
"","","","","","","","","","","","","","tax","","","refund","l10n_id_21210030",""
"tax_24-104-17_purchase","l10n_id.tax_facility_na_ebupot","l10n_id.tax_category_24-104-17_ebupot","True","Outsourcing Services for Manpower and/or Experts","","-2%","purchase","l10n_id_tax_group_pph23","2% 24-104-17","percent","-2.0","l10n_id_domestic_fiscal_position","base","","","invoice","",""
"","","","","","","","","","","","","","tax","","","invoice","l10n_id_21210030",""
"","","","","","","","","","","","","","base","","","refund","",""
"","","","","","","","","","","","","","tax","","","refund","l10n_id_21210030",""
"tax_24-104-18_purchase","l10n_id.tax_facility_na_ebupot","l10n_id.tax_category_24-104-18_ebupot","True","Intermediary and/or Agency Services","","-2%","purchase","l10n_id_tax_group_pph23","2% 24-104-18","percent","-2.0","l10n_id_domestic_fiscal_position","base","","","invoice","",""
"","","","","","","","","","","","","","tax","","","invoice","l10n_id_21210030",""
"","","","","","","","","","","","","","base","","","refund","",""
"","","","","","","","","","","","","","tax","","","refund","l10n_id_21210030",""
"tax_24-104-19_purchase","l10n_id.tax_facility_na_ebupot","l10n_id.tax_category_24-104-19_ebupot","False","Securities Trading Services, Except those Conducted by the Stock Exchange, the Indonesian Central Securities Depository (KSEI) and the Indonesian Securities Clearing and Guarantee Corporation (KPEI)","","-2%","purchase","l10n_id_tax_group_pph23","2% 24-104-19","percent","-2.0","l10n_id_domestic_fiscal_position","base","","","invoice","",""
"","","","","","","","","","","","","","tax","","","invoice","l10n_id_21210030",""
"","","","","","","","","","","","","","base","","","refund","",""
"","","","","","","","","","","","","","tax","","","refund","l10n_id_21210030",""
"tax_24-104-20_purchase","l10n_id.tax_facility_na_ebupot","l10n_id.tax_category_24-104-20_ebupot","False","Custodian/Storage/Safety Services, Except Those Carried Out by KSEI","","-2%","purchase","l10n_id_tax_group_pph23","2% 24-104-20","percent","-2.0","l10n_id_domestic_fiscal_position","base","","","invoice","",""
"","","","","","","","","","","","","","tax","","","invoice","l10n_id_21210030",""
"","","","","","","","","","","","","","base","","","refund","",""
"","","","","","","","","","","","","","tax","","","refund","l10n_id_21210030",""
"tax_24-104-21_purchase","l10n_id.tax_facility_na_ebupot","l10n_id.tax_category_24-104-21_ebupot","False","Voice Over and/or Dubbing Services","","-2%","purchase","l10n_id_tax_group_pph23","2% 24-104-21","percent","-2.0","l10n_id_domestic_fiscal_position","base","","","invoice","",""
"","","","","","","","","","","","","","tax","","","invoice","l10n_id_21210030",""
"","","","","","","","","","","","","","base","","","refund","",""
"","","","","","","","","","","","","","tax","","","refund","l10n_id_21210030",""
"tax_24-104-22_purchase","l10n_id.tax_facility_na_ebupot","l10n_id.tax_category_24-104-22_ebupot","False","Film Mixing Services","","-2%","purchase","l10n_id_tax_group_pph23","2% 24-104-22","percent","-2.0","l10n_id_domestic_fiscal_position","base","","","invoice","",""
"","","","","","","","","","","","","","tax","","","invoice","l10n_id_21210030",""
"","","","","","","","","","","","","","base","","","refund","",""
"","","","","","","","","","","","","","tax","","","refund","l10n_id_21210030",""
"tax_24-104-23_purchase","l10n_id.tax_facility_na_ebupot","l10n_id.tax_category_24-104-23_ebupot","False","Promotional Media Creation Services for Films, Advertisements, Posters, Photos, Slides, Clichés, Banners, Pamphlets, Billboards and Folders","","-2%","purchase","l10n_id_tax_group_pph23","2% 24-104-23","percent","-2.0","l10n_id_domestic_fiscal_position","base","","","invoice","",""
"","","","","","","","","","","","","","tax","","","invoice","l10n_id_21210030",""
"","","","","","","","","","","","","","base","","","refund","",""
"","","","","","","","","","","","","","tax","","","refund","l10n_id_21210030",""
"tax_24-104-24_purchase","l10n_id.tax_facility_na_ebupot","l10n_id.tax_category_24-104-24_ebupot","False","Services related to software or hardware or computer systems, including maintenance, upkeep and repair.","","-2%","purchase","l10n_id_tax_group_pph23","2% 24-104-24","percent","-2.0","l10n_id_domestic_fiscal_position","base","","","invoice","",""
"","","","","","","","","","","","","","tax","","","invoice","l10n_id_21210030",""
"","","","","","","","","","","","","","base","","","refund","",""
"","","","","","","","","","","","","","tax","","","refund","l10n_id_21210030",""
"tax_24-103-01_purchase","l10n_id.tax_facility_na_ebupot","l10n_id.tax_category_24-103-01_ebupot","False","Royalty","","-15%","purchase","l10n_id_tax_group_pph23","15% 24-103-01","percent","-15.0","l10n_id_domestic_fiscal_position","base","","","invoice","",""
"","","","","","","","","","","","","","tax","","","invoice","l10n_id_21210030",""
"","","","","","","","","","","","","","base","","","refund","",""
"","","","","","","","","","","","","","tax","","","refund","l10n_id_21210030",""
"tax_24-104-25_purchase","l10n_id.tax_facility_na_ebupot","l10n_id.tax_category_24-104-25_ebupot","False","Website Creation and/or Management Services","","-2%","purchase","l10n_id_tax_group_pph23","2% 24-104-25","percent","-2.0","l10n_id_domestic_fiscal_position","base","","","invoice","",""
"","","","","","","","","","","","","","tax","","","invoice","l10n_id_21210030",""
"","","","","","","","","","","","","","base","","","refund","",""
"","","","","","","","","","","","","","tax","","","refund","l10n_id_21210030",""
"tax_24-104-26_purchase","l10n_id.tax_facility_na_ebupot","l10n_id.tax_category_24-104-26_ebupot","False","Internet Services Including Connection","","-2%","purchase","l10n_id_tax_group_pph23","2% 24-104-26","percent","-2.0","l10n_id_domestic_fiscal_position","base","","","invoice","",""
"","","","","","","","","","","","","","tax","","","invoice","l10n_id_21210030",""
"","","","","","","","","","","","","","base","","","refund","",""
"","","","","","","","","","","","","","tax","","","refund","l10n_id_21210030",""
"tax_24-104-27_purchase","l10n_id.tax_facility_na_ebupot","l10n_id.tax_category_24-104-27_ebupot","False","Data, Information, and/or Program Storage, Processing and/or Distribution Services","","-2%","purchase","l10n_id_tax_group_pph23","2% 24-104-27","percent","-2.0","l10n_id_domestic_fiscal_position","base","","","invoice","",""
"","","","","","","","","","","","","","tax","","","invoice","l10n_id_21210030",""
"","","","","","","","","","","","","","base","","","refund","",""
"","","","","","","","","","","","","","tax","","","refund","l10n_id_21210030",""
"tax_24-104-28_purchase","l10n_id.tax_facility_na_ebupot","l10n_id.tax_category_24-104-28_ebupot","False","Installation/Setup Services for Machines, Equipment, Electricity, Telephone, Water, Gas, Air Conditioning and/or Cable TV, Other Than Those Carried Out by Taxpayers Whose Scope is in the Construction Sector and Who Have a Permit and/or Certification as a Construction Entrepreneur;","","-2%","purchase","l10n_id_tax_group_pph23","2% 24-104-28","percent","-2.0","l10n_id_domestic_fiscal_position","base","","","invoice","",""
"","","","","","","","","","","","","","tax","","","invoice","l10n_id_21210030",""
"","","","","","","","","","","","","","base","","","refund","",""
"","","","","","","","","","","","","","tax","","","refund","l10n_id_21210030",""
"tax_24-104-29_purchase","l10n_id.tax_facility_na_ebupot","l10n_id.tax_category_24-104-29_ebupot","False","Maintenance/Repair/Maintenance Services for Machines, Equipment, Electricity, Telephone, Water, Gas, Air Conditioning and/or Cable TV, Other Than Those Carried Out by Taxpayers Whose Scope is in the Construction Sector and Who Have a Permit and/or Certification as a Construction Entrepreneur","","-2%","purchase","l10n_id_tax_group_pph23","2% 24-104-29","percent","-2.0","l10n_id_domestic_fiscal_position","base","","","invoice","",""
"","","","","","","","","","","","","","tax","","","invoice","l10n_id_21210030",""
"","","","","","","","","","","","","","base","","","refund","",""
"","","","","","","","","","","","","","tax","","","refund","l10n_id_21210030",""
"tax_24-104-30_purchase","l10n_id.tax_facility_na_ebupot","l10n_id.tax_category_24-104-30_ebupot","False","Land, Sea and Air Vehicle and/or Transportation Equipment Maintenance Services","","-2%","purchase","l10n_id_tax_group_pph23","2% 24-104-30","percent","-2.0","l10n_id_domestic_fiscal_position","base","","","invoice","",""
"","","","","","","","","","","","","","tax","","","invoice","l10n_id_21210030",""
"","","","","","","","","","","","","","base","","","refund","",""
"","","","","","","","","","","","","","tax","","","refund","l10n_id_21210030",""
"tax_24-104-31_purchase","l10n_id.tax_facility_na_ebupot","l10n_id.tax_category_24-104-31_ebupot","False","Maklon Services","","-2%","purchase","l10n_id_tax_group_pph23","2% 24-104-31","percent","-2.0","l10n_id_domestic_fiscal_position","base","","","invoice","",""
"","","","","","","","","","","","","","tax","","","invoice","l10n_id_21210030",""
"","","","","","","","","","","","","","base","","","refund","",""
"","","","","","","","","","","","","","tax","","","refund","l10n_id_21210030",""
"tax_24-104-32_purchase","l10n_id.tax_facility_na_ebupot","l10n_id.tax_category_24-104-32_ebupot","False","Investigation and Security Services","","-2%","purchase","l10n_id_tax_group_pph23","2% 24-104-32","percent","-2.0","l10n_id_domestic_fiscal_position","base","","","invoice","",""
"","","","","","","","","","","","","","tax","","","invoice","l10n_id_21210030",""
"","","","","","","","","","","","","","base","","","refund","",""
"","","","","","","","","","","","","","tax","","","refund","l10n_id_21210030",""
"tax_24-104-33_purchase","l10n_id.tax_facility_na_ebupot","l10n_id.tax_category_24-104-33_ebupot","False","Event Organizer Services","","-2%","purchase","l10n_id_tax_group_pph23","2% 24-104-33","percent","-2.0","l10n_id_domestic_fiscal_position","base","","","invoice","",""
"","","","","","","","","","","","","","tax","","","invoice","l10n_id_21210030",""
"","","","","","","","","","","","","","base","","","refund","",""
"","","","","","","","","","","","","","tax","","","refund","l10n_id_21210030",""
"tax_24-104-34_purchase","l10n_id.tax_facility_na_ebupot","l10n_id.tax_category_24-104-34_ebupot","False","Services for Providing Place and/or Time in Mass Media, Outdoor Media or Other Media for Information Delivery, and/or Advertising Services","","-2%","purchase","l10n_id_tax_group_pph23","2% 24-104-34","percent","-2.0","l10n_id_domestic_fiscal_position","base","","","invoice","",""
"","","","","","","","","","","","","","tax","","","invoice","l10n_id_21210030",""
"","","","","","","","","","","","","","base","","","refund","",""
"","","","","","","","","","","","","","tax","","","refund","l10n_id_21210030",""
"tax_24-100-01_purchase","l10n_id.tax_facility_na_ebupot","l10n_id.tax_category_24-100-01_ebupot","True","Prizes, Awards, Bonuses and Other Things Apart from Those That Have Been Subject to Income Tax Article 21 Paragraph (1) Letter E of the Income Tax Law","","-15%","purchase","l10n_id_tax_group_pph23","15% 24-100-01","percent","-15.0","l10n_id_domestic_fiscal_position","base","","","invoice","",""
"","","","","","","","","","","","","","tax","","","invoice","l10n_id_21210030",""
"","","","","","","","","","","","","","base","","","refund","",""
"","","","","","","","","","","","","","tax","","","refund","l10n_id_21210030",""
"tax_24-104-35_purchase","l10n_id.tax_facility_na_ebupot","l10n_id.tax_category_24-104-35_ebupot","False","Pest Control Services","","-2%","purchase","l10n_id_tax_group_pph23","2% 24-104-35","percent","-2.0","l10n_id_domestic_fiscal_position","base","","","invoice","",""
"","","","","","","","","","","","","","tax","","","invoice","l10n_id_21210030",""
"","","","","","","","","","","","","","base","","","refund","",""
"","","","","","","","","","","","","","tax","","","refund","l10n_id_21210030",""
"tax_24-104-36_purchase","l10n_id.tax_facility_na_ebupot","l10n_id.tax_category_24-104-36_ebupot","False","Cleaning Services","","-2%","purchase","l10n_id_tax_group_pph23","2% 24-104-36","percent","-2.0","l10n_id_domestic_fiscal_position","base","","","invoice","",""
"","","","","","","","","","","","","","tax","","","invoice","l10n_id_21210030",""
"","","","","","","","","","","","","","base","","","refund","",""
"","","","","","","","","","","","","","tax","","","refund","l10n_id_21210030",""
"tax_24-104-37_purchase","l10n_id.tax_facility_na_ebupot","l10n_id.tax_category_24-104-37_ebupot","False","Septic Tank Suction Services","","-2%","purchase","l10n_id_tax_group_pph23","2% 24-104-37","percent","-2.0","l10n_id_domestic_fiscal_position","base","","","invoice","",""
"","","","","","","","","","","","","","tax","","","invoice","l10n_id_21210030",""
"","","","","","","","","","","","","","base","","","refund","",""
"","","","","","","","","","","","","","tax","","","refund","l10n_id_21210030",""
"tax_24-104-38_purchase","l10n_id.tax_facility_na_ebupot","l10n_id.tax_category_24-104-38_ebupot","False","Pool Maintenance Services","","-2%","purchase","l10n_id_tax_group_pph23","2% 24-104-38","percent","-2.0","l10n_id_domestic_fiscal_position","base","","","invoice","",""
"","","","","","","","","","","","","","tax","","","invoice","l10n_id_21210030",""
"","","","","","","","","","","","","","base","","","refund","",""
"","","","","","","","","","","","","","tax","","","refund","l10n_id_21210030",""
"tax_24-104-39_purchase","l10n_id.tax_facility_na_ebupot","l10n_id.tax_category_24-104-39_ebupot","False","Catering or Culinary Services","","-2%","purchase","l10n_id_tax_group_pph23","2% 24-104-39","percent","-2.0","l10n_id_domestic_fiscal_position","base","","","invoice","",""
"","","","","","","","","","","","","","tax","","","invoice","l10n_id_21210030",""
"","","","","","","","","","","","","","base","","","refund","",""
"","","","","","","","","","","","","","tax","","","refund","l10n_id_21210030",""
"tax_24-104-40_purchase","l10n_id.tax_facility_na_ebupot","l10n_id.tax_category_24-104-40_ebupot","False","Freight Forwarding Services","","-2%","purchase","l10n_id_tax_group_pph23","2% 24-104-40","percent","-2.0","l10n_id_domestic_fiscal_position","base","","","invoice","",""
"","","","","","","","","","","","","","tax","","","invoice","l10n_id_21210030",""
"","","","","","","","","","","","","","base","","","refund","",""
"","","","","","","","","","","","","","tax","","","refund","l10n_id_21210030",""
"tax_24-104-41_purchase","l10n_id.tax_facility_na_ebupot","l10n_id.tax_category_24-104-41_ebupot","False","Logistics Services","","-2%","purchase","l10n_id_tax_group_pph23","2% 24-104-41","percent","-2.0","l10n_id_domestic_fiscal_position","base","","","invoice","",""
"","","","","","","","","","","","","","tax","","","invoice","l10n_id_21210030",""
"","","","","","","","","","","","","","base","","","refund","",""
"","","","","","","","","","","","","","tax","","","refund","l10n_id_21210030",""
"tax_24-104-42_purchase","l10n_id.tax_facility_na_ebupot","l10n_id.tax_category_24-104-42_ebupot","False","Document Management Services","","-2%","purchase","l10n_id_tax_group_pph23","2% 24-104-42","percent","-2.0","l10n_id_domestic_fiscal_position","base","","","invoice","",""
"","","","","","","","","","","","","","tax","","","invoice","l10n_id_21210030",""
"","","","","","","","","","","","","","base","","","refund","",""
"","","","","","","","","","","","","","tax","","","refund","l10n_id_21210030",""
"tax_24-104-43_purchase","l10n_id.tax_facility_na_ebupot","l10n_id.tax_category_24-104-43_ebupot","False","Packing Services","","-2%","purchase","l10n_id_tax_group_pph23","2% 24-104-43","percent","-2.0","l10n_id_domestic_fiscal_position","base","","","invoice","",""
"","","","","","","","","","","","","","tax","","","invoice","l10n_id_21210030",""
"","","","","","","","","","","","","","base","","","refund","",""
"","","","","","","","","","","","","","tax","","","refund","l10n_id_21210030",""
"tax_24-104-44_purchase","l10n_id.tax_facility_na_ebupot","l10n_id.tax_category_24-104-44_ebupot","False","Loading and Unloading Services","","-2%","purchase","l10n_id_tax_group_pph23","2% 24-104-44","percent","-2.0","l10n_id_domestic_fiscal_position","base","","","invoice","",""
"","","","","","","","","","","","","","tax","","","invoice","l10n_id_21210030",""
"","","","","","","","","","","","","","base","","","refund","",""
"","","","","","","","","","","","","","tax","","","refund","l10n_id_21210030",""
"tax_24-100-02_purchase","l10n_id.tax_facility_na_ebupot","l10n_id.tax_category_24-100-02_ebupot","False","Rent and Other Income Related to the Use of Property Except for Rent of Land and/or Buildings Which Have Been Subjected to Income Tax Article 4 Paragraph (2) of the Income Tax Law.","","-2%","purchase","l10n_id_tax_group_pph23","2% 24-100-02","percent","-2.0","l10n_id_domestic_fiscal_position","base","","","invoice","",""
"","","","","","","","","","","","","","tax","","","invoice","l10n_id_21210030",""
"","","","","","","","","","","","","","base","","","refund","",""
"","","","","","","","","","","","","","tax","","","refund","l10n_id_21210030",""
"tax_24-104-45_purchase","l10n_id.tax_facility_na_ebupot","l10n_id.tax_category_24-104-45_ebupot","False","Laboratory and/or Testing Services Except Those Carried Out by Educational Institutions or Agencies for Academic Research","","-2%","purchase","l10n_id_tax_group_pph23","2% 24-104-45","percent","-2.0","l10n_id_domestic_fiscal_position","base","","","invoice","",""
"","","","","","","","","","","","","","tax","","","invoice","l10n_id_21210030",""
"","","","","","","","","","","","","","base","","","refund","",""
"","","","","","","","","","","","","","tax","","","refund","l10n_id_21210030",""
"tax_24-104-46_purchase","l10n_id.tax_facility_na_ebupot","l10n_id.tax_category_24-104-46_ebupot","False","Parking Management Services","","-2%","purchase","l10n_id_tax_group_pph23","2% 24-104-46","percent","-2.0","l10n_id_domestic_fiscal_position","base","","","invoice","",""
"","","","","","","","","","","","","","tax","","","invoice","l10n_id_21210030",""
"","","","","","","","","","","","","","base","","","refund","",""
"","","","","","","","","","","","","","tax","","","refund","l10n_id_21210030",""
"tax_24-104-47_purchase","l10n_id.tax_facility_na_ebupot","l10n_id.tax_category_24-104-47_ebupot","False","Land Surveying Services","","-2%","purchase","l10n_id_tax_group_pph23","2% 24-104-47","percent","-2.0","l10n_id_domestic_fiscal_position","base","","","invoice","",""
"","","","","","","","","","","","","","tax","","","invoice","l10n_id_21210030",""
"","","","","","","","","","","","","","base","","","refund","",""
"","","","","","","","","","","","","","tax","","","refund","l10n_id_21210030",""
"tax_24-104-48_purchase","l10n_id.tax_facility_na_ebupot","l10n_id.tax_category_24-104-48_ebupot","False","Land Preparation and/or Processing Services","","-2%","purchase","l10n_id_tax_group_pph23","2% 24-104-48","percent","-2.0","l10n_id_domestic_fiscal_position","base","","","invoice","",""
"","","","","","","","","","","","","","tax","","","invoice","l10n_id_21210030",""
"","","","","","","","","","","","","","base","","","refund","",""
"","","","","","","","","","","","","","tax","","","refund","l10n_id_21210030",""
"tax_24-104-49_purchase","l10n_id.tax_facility_na_ebupot","l10n_id.tax_category_24-104-49_ebupot","False","Nursery and/or Seedling Planting Services","","-2%","purchase","l10n_id_tax_group_pph23","2% 24-104-49","percent","-2.0","l10n_id_domestic_fiscal_position","base","","","invoice","",""
"","","","","","","","","","","","","","tax","","","invoice","l10n_id_21210030",""
"","","","","","","","","","","","","","base","","","refund","",""
"","","","","","","","","","","","","","tax","","","refund","l10n_id_21210030",""
"tax_24-104-50_purchase","l10n_id.tax_facility_na_ebupot","l10n_id.tax_category_24-104-50_ebupot","False","Plant Maintenance Services","","-2%","purchase","l10n_id_tax_group_pph23","2% 24-104-50","percent","-2.0","l10n_id_domestic_fiscal_position","base","","","invoice","",""
"","","","","","","","","","","","","","tax","","","invoice","l10n_id_21210030",""
"","","","","","","","","","","","","","base","","","refund","",""
"","","","","","","","","","","","","","tax","","","refund","l10n_id_21210030",""
"tax_24-104-51_purchase","l10n_id.tax_facility_na_ebupot","l10n_id.tax_category_24-104-51_ebupot","False","Harvesting Services","","-2%","purchase","l10n_id_tax_group_pph23","2% 24-104-51","percent","-2.0","l10n_id_domestic_fiscal_position","base","","","invoice","",""
"","","","","","","","","","","","","","tax","","","invoice","l10n_id_21210030",""
"","","","","","","","","","","","","","base","","","refund","",""
"","","","","","","","","","","","","","tax","","","refund","l10n_id_21210030",""
"tax_24-104-52_purchase","l10n_id.tax_facility_na_ebupot","l10n_id.tax_category_24-104-52_ebupot","False","Agricultural, Plantation, Fishery, Livestock and/or Forestry Product Processing Services","","-2%","purchase","l10n_id_tax_group_pph23","2% 24-104-52","percent","-2.0","l10n_id_domestic_fiscal_position","base","","","invoice","",""
"","","","","","","","","","","","","","tax","","","invoice","l10n_id_21210030",""
"","","","","","","","","","","","","","base","","","refund","",""
"","","","","","","","","","","","","","tax","","","refund","l10n_id_21210030",""
"tax_24-104-53_purchase","l10n_id.tax_facility_na_ebupot","l10n_id.tax_category_24-104-53_ebupot","False","Decoration Services","","-2%","purchase","l10n_id_tax_group_pph23","2% 24-104-53","percent","-2.0","l10n_id_domestic_fiscal_position","base","","","invoice","",""
"","","","","","","","","","","","","","tax","","","invoice","l10n_id_21210030",""
"","","","","","","","","","","","","","base","","","refund","",""
"","","","","","","","","","","","","","tax","","","refund","l10n_id_21210030",""
"tax_24-104-54_purchase","l10n_id.tax_facility_na_ebupot","l10n_id.tax_category_24-104-54_ebupot","False","Printing/Publishing Services","","-2%","purchase","l10n_id_tax_group_pph23","2% 24-104-54","percent","-2.0","l10n_id_domestic_fiscal_position","base","","","invoice","",""
"","","","","","","","","","","","","","tax","","","invoice","l10n_id_21210030",""
"","","","","","","","","","","","","","base","","","refund","",""
"","","","","","","","","","","","","","tax","","","refund","l10n_id_21210030",""
"tax_24-104-01_purchase","l10n_id.tax_facility_na_ebupot","l10n_id.tax_category_24-104-01_ebupot","True","Engineering Services","","-2%","purchase","l10n_id_tax_group_pph23","2% 24-104-01","percent","-2.0","l10n_id_domestic_fiscal_position","base","","","invoice","",""
"","","","","","","","","","","","","","tax","","","invoice","l10n_id_21210030",""
"","","","","","","","","","","","","","base","","","refund","",""
"","","","","","","","","","","","","","tax","","","refund","l10n_id_21210030",""
"tax_24-104-55_purchase","l10n_id.tax_facility_na_ebupot","l10n_id.tax_category_24-104-55_ebupot","False","Translation Services","","-2%","purchase","l10n_id_tax_group_pph23","2% 24-104-55","percent","-2.0","l10n_id_domestic_fiscal_position","base","","","invoice","",""
"","","","","","","","","","","","","","tax","","","invoice","l10n_id_21210030",""
"","","","","","","","","","","","","","base","","","refund","",""
"","","","","","","","","","","","","","tax","","","refund","l10n_id_21210030",""
"tax_24-104-56_purchase","l10n_id.tax_facility_na_ebupot","l10n_id.tax_category_24-104-56_ebupot","False","Transportation/Expedition Services Except Those Regulated in Article 15 of the Income Tax Law","","-2%","purchase","l10n_id_tax_group_pph23","2% 24-104-56","percent","-2.0","l10n_id_domestic_fiscal_position","base","","","invoice","",""
"","","","","","","","","","","","","","tax","","","invoice","l10n_id_21210030",""
"","","","","","","","","","","","","","base","","","refund","",""
"","","","","","","","","","","","","","tax","","","refund","l10n_id_21210030",""
"tax_24-104-57_purchase","l10n_id.tax_facility_na_ebupot","l10n_id.tax_category_24-104-57_ebupot","False","Port Services","","-2%","purchase","l10n_id_tax_group_pph23","2% 24-104-57","percent","-2.0","l10n_id_domestic_fiscal_position","base","","","invoice","",""
"","","","","","","","","","","","","","tax","","","invoice","l10n_id_21210030",""
"","","","","","","","","","","","","","base","","","refund","",""
"","","","","","","","","","","","","","tax","","","refund","l10n_id_21210030",""
"tax_24-104-58_purchase","l10n_id.tax_facility_na_ebupot","l10n_id.tax_category_24-104-58_ebupot","False","Pipeline Transportation Services","","-2%","purchase","l10n_id_tax_group_pph23","2% 24-104-58","percent","-2.0","l10n_id_domestic_fiscal_position","base","","","invoice","",""
"","","","","","","","","","","","","","tax","","","invoice","l10n_id_21210030",""
"","","","","","","","","","","","","","base","","","refund","",""
"","","","","","","","","","","","","","tax","","","refund","l10n_id_21210030",""
"tax_24-104-59_purchase","l10n_id.tax_facility_na_ebupot","l10n_id.tax_category_24-104-59_ebupot","False","Childcare Management Services","","-2%","purchase","l10n_id_tax_group_pph23","2% 24-104-59","percent","-2.0","l10n_id_domestic_fiscal_position","base","","","invoice","",""
"","","","","","","","","","","","","","tax","","","invoice","l10n_id_21210030",""
"","","","","","","","","","","","","","base","","","refund","",""
"","","","","","","","","","","","","","tax","","","refund","l10n_id_21210030",""
"tax_24-104-60_purchase","l10n_id.tax_facility_na_ebupot","l10n_id.tax_category_24-104-60_ebupot","False","Training and/or Course Services","","-2%","purchase","l10n_id_tax_group_pph23","2% 24-104-60","percent","-2.0","l10n_id_domestic_fiscal_position","base","","","invoice","",""
"","","","","","","","","","","","","","tax","","","invoice","l10n_id_21210030",""
"","","","","","","","","","","","","","base","","","refund","",""
"","","","","","","","","","","","","","tax","","","refund","l10n_id_21210030",""
"tax_24-104-61_purchase","l10n_id.tax_facility_na_ebupot","l10n_id.tax_category_24-104-61_ebupot","False","ATM Money Transfer and Top-Up Services","","-2%","purchase","l10n_id_tax_group_pph23","2% 24-104-61","percent","-2.0","l10n_id_domestic_fiscal_position","base","","","invoice","",""
"","","","","","","","","","","","","","tax","","","invoice","l10n_id_21210030",""
"","","","","","","","","","","","","","base","","","refund","",""
"","","","","","","","","","","","","","tax","","","refund","l10n_id_21210030",""
"tax_24-104-62_purchase","l10n_id.tax_facility_na_ebupot","l10n_id.tax_category_24-104-62_ebupot","False","Certification Services","","-2%","purchase","l10n_id_tax_group_pph23","2% 24-104-62","percent","-2.0","l10n_id_domestic_fiscal_position","base","","","invoice","",""
"","","","","","","","","","","","","","tax","","","invoice","l10n_id_21210030",""
"","","","","","","","","","","","","","base","","","refund","",""
"","","","","","","","","","","","","","tax","","","refund","l10n_id_21210030",""
"tax_24-104-63_purchase","l10n_id.tax_facility_na_ebupot","l10n_id.tax_category_24-104-63_ebupot","False","Survey Services","","-2%","purchase","l10n_id_tax_group_pph23","2% 24-104-63","percent","-2.0","l10n_id_domestic_fiscal_position","base","","","invoice","",""
"","","","","","","","","","","","","","tax","","","invoice","l10n_id_21210030",""
"","","","","","","","","","","","","","base","","","refund","",""
"","","","","","","","","","","","","","tax","","","refund","l10n_id_21210030",""
"tax_24-104-64_purchase","l10n_id.tax_facility_na_ebupot","l10n_id.tax_category_24-104-64_ebupot","False","Tester Services","","-2%","purchase","l10n_id_tax_group_pph23","2% 24-104-64","percent","-2.0","l10n_id_domestic_fiscal_position","base","","","invoice","",""
"","","","","","","","","","","","","","tax","","","invoice","l10n_id_21210030",""
"","","","","","","","","","","","","","base","","","refund","",""
"","","","","","","","","","","","","","tax","","","refund","l10n_id_21210030",""
"tax_24-104-02_purchase","l10n_id.tax_facility_na_ebupot","l10n_id.tax_category_24-104-02_ebupot","True","Management Services","","-2%","purchase","l10n_id_tax_group_pph23","2% 24-104-02","percent","-2.0","l10n_id_domestic_fiscal_position","base","","","invoice","",""
"","","","","","","","","","","","","","tax","","","invoice","l10n_id_21210030",""
"","","","","","","","","","","","","","base","","","refund","",""
"","","","","","","","","","","","","","tax","","","refund","l10n_id_21210030",""
"tax_24-104-65_purchase","l10n_id.tax_facility_na_ebupot","l10n_id.tax_category_24-104-65_ebupot","False","Services other than the services mentioned above whose payment is charged to the APBN (State Revenue and Expenditure Budget) or APBD (Regional Revenue and Expenditure Budget).","","-2%","purchase","l10n_id_tax_group_pph23","2% 24-104-65","percent","-2.0","l10n_id_domestic_fiscal_position","base","","","invoice","",""
"","","","","","","","","","","","","","tax","","","invoice","l10n_id_21210030",""
"","","","","","","","","","","","","","base","","","refund","",""
"","","","","","","","","","","","","","tax","","","refund","l10n_id_21210030",""
"tax_24-104-66_purchase","l10n_id.tax_facility_na_ebupot","l10n_id.tax_category_24-104-66_ebupot","False","Payment Transaction Service Provision Related to Token Distribution by Distribution Provider","","-2%","purchase","l10n_id_tax_group_pph23","2% 24-104-66","percent","-2.0","l10n_id_domestic_fiscal_position","base","","","invoice","",""
"","","","","","","","","","","","","","tax","","","invoice","l10n_id_21210030",""
"","","","","","","","","","","","","","base","","","refund","",""
"","","","","","","","","","","","","","tax","","","refund","l10n_id_21210030",""
"tax_24-104-67_purchase","l10n_id.tax_facility_na_ebupot","l10n_id.tax_category_24-104-67_ebupot","False","Marketing Services with Voucher Media by Voucher Organizers","","-2%","purchase","l10n_id_tax_group_pph23","2% 24-104-67","percent","-2.0","l10n_id_domestic_fiscal_position","base","","","invoice","",""
"","","","","","","","","","","","","","tax","","","invoice","l10n_id_21210030",""
"","","","","","","","","","","","","","base","","","refund","",""
"","","","","","","","","","","","","","tax","","","refund","l10n_id_21210030",""
"tax_24-104-68_purchase","l10n_id.tax_facility_na_ebupot","l10n_id.tax_category_24-104-68_ebupot","False","Payment Transaction Services Related to Voucher Distribution by Voucher Providers and Distribution Providers","","-2%","purchase","l10n_id_tax_group_pph23","2% 24-104-68","percent","-2.0","l10n_id_domestic_fiscal_position","base","","","invoice","",""
"","","","","","","","","","","","","","tax","","","invoice","l10n_id_21210030",""
"","","","","","","","","","","","","","base","","","refund","",""
"","","","","","","","","","","","","","tax","","","refund","l10n_id_21210030",""
"tax_24-104-69_purchase","l10n_id.tax_facility_na_ebupot","l10n_id.tax_category_24-104-69_ebupot","False","Customer Loyalty and Reward Program Implementation Services (Consumer Loyalty/Reward Program) by Voucher Organizers","","-2%","purchase","l10n_id_tax_group_pph23","2% 24-104-69","percent","-2.0","l10n_id_domestic_fiscal_position","base","","","invoice","",""
"","","","","","","","","","","","","","tax","","","invoice","l10n_id_21210030",""
"","","","","","","","","","","","","","base","","","refund","",""
"","","","","","","","","","","","","","tax","","","refund","l10n_id_21210030",""
"tax_24-105-01_purchase","l10n_id.tax_facility_na_ebupot","l10n_id.tax_category_24-105-01_ebupot","False","Interest on Loans Received by Domestic Taxpayers and Permanent Establishments Through Information Technology-Based Money Lending Services","","-15%","purchase","l10n_id_tax_group_pph23","15% 24-105-01","percent","-15.0","l10n_id_domestic_fiscal_position","base","","","invoice","",""
"","","","","","","","","","","","","","tax","","","invoice","l10n_id_21210030",""
"","","","","","","","","","","","","","base","","","refund","",""
"","","","","","","","","","","","","","tax","","","refund","l10n_id_21210030",""
"tax_24-104-03_purchase","l10n_id.tax_facility_na_ebupot","l10n_id.tax_category_24-104-03_ebupot","True","Consulting Services","","-2%","purchase","l10n_id_tax_group_pph23","2% 24-104-03","percent","-2.0","l10n_id_domestic_fiscal_position","base","","","invoice","",""
"","","","","","","","","","","","","","tax","","","invoice","l10n_id_21210030",""
"","","","","","","","","","","","","","base","","","refund","",""
"","","","","","","","","","","","","","tax","","","refund","l10n_id_21210030",""
"tax_24-104-04_purchase","l10n_id.tax_facility_na_ebupot","l10n_id.tax_category_24-104-04_ebupot","False","Appraisal Services","","-2%","purchase","l10n_id_tax_group_pph23","2% 24-104-04","percent","-2.0","l10n_id_domestic_fiscal_position","base","","","invoice","",""
"","","","","","","","","","","","","","tax","","","invoice","l10n_id_21210030",""
"","","","","","","","","","","","","","base","","","refund","",""
"","","","","","","","","","","","","","tax","","","refund","l10n_id_21210030",""
"tax_28-409-25","l10n_id.tax_facility_na_ebupot","l10n_id.tax_category_28-409-25_ebupot","False","Integrated Construction Work Carried Out by Service Providers with Business Entity Certificates","","-2.65%","sale","l10n_id_tax_group_pph42","2.65% 28-409-25","percent","-2.65","l10n_id_domestic_fiscal_position","base","","","invoice","",""
"","","","","","","","","","","","","","tax","","","invoice","l10n_id_61100120",""
"","","","","","","","","","","","","","base","","","refund","",""
"","","","","","","","","","","","","","tax","","","refund","l10n_id_61100120",""
"tax_28-409-26","l10n_id.tax_facility_na_ebupot","l10n_id.tax_category_28-409-26_ebupot","False","Integrated Construction Work Carried Out by Service Providers Who Do Not Have a Business Entity Certificate","","-4%","sale","l10n_id_tax_group_pph42","4% 28-409-26","percent","-4.0","l10n_id_domestic_fiscal_position","base","","","invoice","",""
"","","","","","","","","","","","","","tax","","","invoice","l10n_id_61100120",""
"","","","","","","","","","","","","","base","","","refund","",""
"","","","","","","","","","","","","","tax","","","refund","l10n_id_61100120",""
"tax_28-409-27","l10n_id.tax_facility_na_ebupot","l10n_id.tax_category_28-409-27_ebupot","False","Construction Consulting Services Carried Out by Service Providers Who Have a Business Entity Certificate or Work Competency Certificate for Individual Businesses","","-3.5%","sale","l10n_id_tax_group_pph42","3.5% 28-409-27","percent","-3.5","l10n_id_domestic_fiscal_position","base","","","invoice","",""
"","","","","","","","","","","","","","tax","","","invoice","l10n_id_61100120",""
"","","","","","","","","","","","","","base","","","refund","",""
"","","","","","","","","","","","","","tax","","","refund","l10n_id_61100120",""
"tax_28-409-28","l10n_id.tax_facility_na_ebupot","l10n_id.tax_category_28-409-28_ebupot","False","Construction Consultancy Services Carried Out by Service Providers Who Do Not Have a Business Entity Certificate or Work Competency Certificate for Individual Businesses","","-6%","sale","l10n_id_tax_group_pph42","6% 28-409-28","percent","-6.0","l10n_id_domestic_fiscal_position","base","","","invoice","",""
"","","","","","","","","","","","","","tax","","","invoice","l10n_id_61100120",""
"","","","","","","","","","","","","","base","","","refund","",""
"","","","","","","","","","","","","","tax","","","refund","l10n_id_61100120",""
"tax_28-417-01","l10n_id.tax_facility_na_ebupot","l10n_id.tax_category_28-417-01_ebupot","False","Interest on Savings Paid by Cooperatives to Individual Taxpayer Members (interest up to IDR 240,000.00)","","0%","sale","l10n_id_tax_group_pph42","0% 28-417-01","percent","0.0","l10n_id_domestic_fiscal_position","base","","","invoice","",""
"","","","","","","","","","","","","","tax","","","invoice","l10n_id_61100120",""
"","","","","","","","","","","","","","base","","","refund","",""
"","","","","","","","","","","","","","tax","","","refund","l10n_id_61100120",""
"tax_28-417-02","l10n_id.tax_facility_na_ebupot","l10n_id.tax_category_28-417-02_ebupot","False","Interest on Savings Paid by Cooperatives to Individual Taxpayer Members (interest above IDR 240,000.00)","","-10%","sale","l10n_id_tax_group_pph42","10% 28-417-02","percent","-10.0","l10n_id_domestic_fiscal_position","base","","","invoice","",""
"","","","","","","","","","","","","","tax","","","invoice","l10n_id_61100120",""
"","","","","","","","","","","","","","base","","","refund","",""
"","","","","","","","","","","","","","tax","","","refund","l10n_id_61100120",""
"tax_28-419-01","l10n_id.tax_facility_na_ebupot","l10n_id.tax_category_28-419-01_ebupot","False","Dividends Received/Obtained by Domestic Individual Taxpayers","","-10%","sale","l10n_id_tax_group_pph42","10% 28-419-01","percent","-10.0","l10n_id_domestic_fiscal_position","base","","","invoice","",""
"","","","","","","","","","","","","","tax","","","invoice","l10n_id_61100120",""
"","","","","","","","","","","","","","base","","","refund","",""
"","","","","","","","","","","","","","tax","","","refund","l10n_id_61100120",""
"tax_28-423-01","l10n_id.tax_facility_na_ebupot","l10n_id.tax_category_28-423-01_ebupot","False","Withholding or collection of Income Tax on the sale of goods or provision of services carried out by Taxpayers with a certain gross turnover in accordance with Government Regulation Number 23 of 2018 or Government Regulation Number 55 of 2022.","","-0.5%","sale","l10n_id_tax_group_pph42","0.5% 28-423-01","percent","-0.5","l10n_id_domestic_fiscal_position","base","","","invoice","",""
"","","","","","","","","","","","","","tax","","","invoice","l10n_id_61100120",""
"","","","","","","","","","","","","","base","","","refund","",""
"","","","","","","","","","","","","","tax","","","refund","l10n_id_61100120",""
"tax_28-423-02","l10n_id.tax_facility_na_ebupot","l10n_id.tax_category_28-423-02_ebupot","False","Withholding or collection of Income Tax on purchase transactions carried out by Taxpayers with a certain gross turnover in accordance with Government Regulation Number 55 of 2022.","","-0.5%","sale","l10n_id_tax_group_pph42","0.5% 28-423-02","percent","-0.5","l10n_id_domestic_fiscal_position","base","","","invoice","",""
"","","","","","","","","","","","","","tax","","","invoice","l10n_id_61100120",""
"","","","","","","","","","","","","","base","","","refund","",""
"","","","","","","","","","","","","","tax","","","refund","l10n_id_61100120",""
"tax_28-410-02","l10n_id.tax_facility_na_ebupot","l10n_id.tax_category_28-410-02_ebupot","False","Remuneration Paid/Owed to Domestic Shipping Companies","","-1.2%","sale","l10n_id_tax_group_pph42","1.2% 28-410-02","percent","-1.2","l10n_id_domestic_fiscal_position","base","","","invoice","",""
"","","","","","","","","","","","","","tax","","","invoice","l10n_id_61100120",""
"","","","","","","","","","","","","","base","","","refund","",""
"","","","","","","","","","","","","","tax","","","refund","l10n_id_61100120",""
"tax_28-411-02","l10n_id.tax_facility_na_ebupot","l10n_id.tax_category_28-411-02_ebupot","False","Remuneration for Chartering Ships and/or Aircraft Paid/Owed to Foreign Shipping and/or Aviation Companies through a Permanent Establishment in Indonesia","","-2.64%","sale","l10n_id_tax_group_pph42","2.64% 28-411-02","percent","-2.64","l10n_id_domestic_fiscal_position","base","","","invoice","",""
"","","","","","","","","","","","","","tax","","","invoice","l10n_id_61100120",""
"","","","","","","","","","","","","","base","","","refund","",""
"","","","","","","","","","","","","","tax","","","refund","l10n_id_61100120",""
"tax_28-421-01","l10n_id.tax_facility_na_ebupot","l10n_id.tax_category_28-421-01_ebupot","False","Upstream Oil and Gas Uplift","","-20%","sale","l10n_id_tax_group_pph42","20% 28-421-01","percent","-20.0","l10n_id_domestic_fiscal_position","base","","","invoice","",""
"","","","","","","","","","","","","","tax","","","invoice","l10n_id_61100120",""
"","","","","","","","","","","","","","base","","","refund","",""
"","","","","","","","","","","","","","tax","","","refund","l10n_id_61100120",""
"tax_28-421-02","l10n_id.tax_facility_na_ebupot","l10n_id.tax_category_28-421-02_ebupot","False","Participating Interest in Upstream Oil and Gas Exploration","","-5%","sale","l10n_id_tax_group_pph42","5% 28-421-02","percent","-5.0","l10n_id_domestic_fiscal_position","base","","","invoice","",""
"","","","","","","","","","","","","","tax","","","invoice","l10n_id_61100120",""
"","","","","","","","","","","","","","base","","","refund","",""
"","","","","","","","","","","","","","tax","","","refund","l10n_id_61100120",""
"tax_28-421-03","l10n_id.tax_facility_na_ebupot","l10n_id.tax_category_28-421-03_ebupot","False","Participating Interest in Upstream Oil and Gas Exploitation","","-7%","sale","l10n_id_tax_group_pph42","7% 28-421-03","percent","-7.0","l10n_id_domestic_fiscal_position","base","","","invoice","",""
"","","","","","","","","","","","","","tax","","","invoice","l10n_id_61100120",""
"","","","","","","","","","","","","","base","","","refund","",""
"","","","","","","","","","","","","","tax","","","refund","l10n_id_61100120",""
"tax_28-499-02","l10n_id.tax_facility_na_ebupot","l10n_id.tax_category_28-499-02_ebupot","False","Income Received or Obtained in Connection with Cooperation with Investment Management Institutions (LPI)","","-7.5%","sale","l10n_id_tax_group_pph42","7.5% 28-499-02","percent","-7.5","l10n_id_domestic_fiscal_position","base","","","invoice","",""
"","","","","","","","","","","","","","tax","","","invoice","l10n_id_61100120",""
"","","","","","","","","","","","","","base","","","refund","",""
"","","","","","","","","","","","","","tax","","","refund","l10n_id_61100120",""
"tax_28-402-01","l10n_id.tax_facility_na_ebupot","l10n_id.tax_category_28-402-01_ebupot","False","Transfer of Rights to Land and/or Buildings","","-2.5%","sale","l10n_id_tax_group_pph42","2.5% 28-402-01","percent","-2.5","l10n_id_domestic_fiscal_position","base","","","invoice","",""
"","","","","","","","","","","","","","tax","","","invoice","l10n_id_61100120",""
"","","","","","","","","","","","","","base","","","refund","",""
"","","","","","","","","","","","","","tax","","","refund","l10n_id_61100120",""
"tax_28-402-02","l10n_id.tax_facility_na_ebupot","l10n_id.tax_category_28-402-02_ebupot","False","Transfer of Simple Houses and Simple Flats Carried Out by WPs Whose Main Business Is Transferring Rights to Land and/or Buildings","","-1%","sale","l10n_id_tax_group_pph42","1% 28-402-02","percent","-1.0","l10n_id_domestic_fiscal_position","base","","","invoice","",""
"","","","","","","","","","","","","","tax","","","invoice","l10n_id_61100120",""
"","","","","","","","","","","","","","base","","","refund","",""
"","","","","","","","","","","","","","tax","","","refund","l10n_id_61100120",""
"tax_28-402-03","l10n_id.tax_facility_na_ebupot","l10n_id.tax_category_28-402-03_ebupot","False","Transfer of Rights to Land and/or Buildings to the Government, State-Owned Enterprises that Receive Special Assignments from the Government, or Regional-Owned Enterprises that Receive Special Assignments from the Regional Head, in accordance with the Law concerning Land Acquisition for Development in the Public Interest","","0%","sale","l10n_id_tax_group_pph42","0% 28-402-03","percent","0.0","l10n_id_domestic_fiscal_position","base","","","invoice","",""
"","","","","","","","","","","","","","tax","","","invoice","l10n_id_61100120",""
"","","","","","","","","","","","","","base","","","refund","",""
"","","","","","","","","","","","","","tax","","","refund","l10n_id_61100120",""
"tax_28-410-01","l10n_id.tax_facility_na_ebupot","l10n_id.tax_category_28-410-01_ebupot","False","Rewards Received/Obtained in Connection with the Transportation of People and/or Goods Including the Chartering of Ships by Domestic Shipping Companies","","-1.2%","sale","l10n_id_tax_group_pph42","1.2% 28-410-01","percent","-1.2","l10n_id_domestic_fiscal_position","base","","","invoice","",""
"","","","","","","","","","","","","","tax","","","invoice","l10n_id_61100120",""
"","","","","","","","","","","","","","base","","","refund","",""
"","","","","","","","","","","","","","tax","","","refund","l10n_id_61100120",""
"tax_28-411-01","l10n_id.tax_facility_na_ebupot","l10n_id.tax_category_28-411-01_ebupot","False","Compensation Paid/Owed to Shipping Companies and/or Foreign Airlines in Connection with the Transportation of People and/or Goods (Other Than Based on Charter Agreements)","","-2.64%","sale","l10n_id_tax_group_pph42","2.64% 28-411-01","percent","-2.64","l10n_id_domestic_fiscal_position","base","","","invoice","",""
"","","","","","","","","","","","","","tax","","","invoice","l10n_id_61100120",""
"","","","","","","","","","","","","","base","","","refund","",""
"","","","","","","","","","","","","","tax","","","refund","l10n_id_61100120",""
"tax_28-413-01","l10n_id.tax_facility_na_ebupot","l10n_id.tax_category_28-413-01_ebupot","False","Income of Foreign Taxpayers Who Have Trade Representative Offices in Indonesia","","-0.44%","sale","l10n_id_tax_group_pph42","0.44% 28-413-01","percent","-0.44","l10n_id_domestic_fiscal_position","base","","","invoice","",""
"","","","","","","","","","","","","","tax","","","invoice","l10n_id_61100120",""
"","","","","","","","","","","","","","base","","","refund","",""
"","","","","","","","","","","","","","tax","","","refund","l10n_id_61100120",""
"tax_28-499-01","l10n_id.tax_facility_na_ebupot","l10n_id.tax_category_28-499-01_ebupot","False","Income of Taxpayers Who Conduct International Contract Manufacturing Services in the Field of Children's Toy Production","","-2.1%","sale","l10n_id_tax_group_pph42","2.1% 28-499-01","percent","-2.1","l10n_id_domestic_fiscal_position","base","","","invoice","",""
"","","","","","","","","","","","","","tax","","","invoice","l10n_id_61100120",""
"","","","","","","","","","","","","","base","","","refund","",""
"","","","","","","","","","","","","","tax","","","refund","l10n_id_61100120",""
"tax_28-423-03","l10n_id.tax_facility_na_ebupot","l10n_id.tax_category_28-423-03_ebupot","False","Withholding or collection of income tax on sales transactions of goods or delivery of services carried out by individual taxpayers who have a certain gross turnover in accordance with PP 55 of 2022 with a business turnover of up to IDR 500,000,000.00.","","-0.5%","sale","l10n_id_tax_group_pph42","0.5% 28-423-03","percent","-0.5","l10n_id_domestic_fiscal_position","base","","","invoice","",""
"","","","","","","","","","","","","","tax","","","invoice","l10n_id_61100120",""
"","","","","","","","","","","","","","base","","","refund","",""
"","","","","","","","","","","","","","tax","","","refund","l10n_id_61100120",""
"tax_28-423-12","l10n_id.tax_facility_na_ebupot","l10n_id.tax_category_28-423-12_ebupot","False","Withholding or collection of income tax on transactions for the sale of goods or the provision of services carried out by Taxpayers who meet certain requirements to be subject to final income tax at a rate of 0% in the IKN (UMKM income tax in the IKN).","","0%","sale","l10n_id_tax_group_pph42","0% 28-423-12","percent","0.0","l10n_id_domestic_fiscal_position","base","","","invoice","",""
"","","","","","","","","","","","","","tax","","","invoice","l10n_id_61100120",""
"","","","","","","","","","","","","","base","","","refund","",""
"","","","","","","","","","","","","","tax","","","refund","l10n_id_61100120",""
"tax_28-423-13","l10n_id.tax_facility_na_ebupot","l10n_id.tax_category_28-423-13_ebupot","False","Withholding or collection of Income Tax on purchase transactions carried out by Taxpayers who utilize the final Income Tax facility with a 0% rate in the IKN (UMKM Income Tax in the IKN).","","0%","sale","l10n_id_tax_group_pph42","0% 28-423-13","percent","0.0","l10n_id_domestic_fiscal_position","base","","","invoice","",""
"","","","","","","","","","","","","","tax","","","invoice","l10n_id_61100120",""
"","","","","","","","","","","","","","base","","","refund","",""
"","","","","","","","","","","","","","tax","","","refund","l10n_id_61100120",""
"tax_28-404-12","l10n_id.tax_facility_na_ebupot","l10n_id.tax_category_28-404-12_ebupot","False","Income from Monetary Instruments and/or Certain Financial Instruments in Indonesia (Foreign Exchange Currency Sourced from DHE SDA with a Tenor of More Than 6 Months)","","0%","sale","l10n_id_tax_group_pph42","0% 28-404-12","percent","0.0","l10n_id_domestic_fiscal_position","base","","","invoice","",""
"","","","","","","","","","","","","","tax","","","invoice","l10n_id_61100120",""
"","","","","","","","","","","","","","base","","","refund","",""
"","","","","","","","","","","","","","tax","","","refund","l10n_id_61100120",""
"tax_28-404-13","l10n_id.tax_facility_na_ebupot","l10n_id.tax_category_28-404-13_ebupot","False","Income from Monetary Instruments and/or Certain Financial Instruments in Indonesia (Foreign Exchange Currency Sourced from DHE SDA with a Tenor of 6 Months)","","-2.5%","sale","l10n_id_tax_group_pph42","2.5% 28-404-13","percent","-2.5","l10n_id_domestic_fiscal_position","base","","","invoice","",""
"","","","","","","","","","","","","","tax","","","invoice","l10n_id_61100120",""
"","","","","","","","","","","","","","base","","","refund","",""
"","","","","","","","","","","","","","tax","","","refund","l10n_id_61100120",""
"tax_28-404-14","l10n_id.tax_facility_na_ebupot","l10n_id.tax_category_28-404-14_ebupot","False","Income from Monetary Instruments and/or Certain Financial Instruments in Indonesia (Foreign Exchange Currency Sourced from DHE SDA with Tenor of More Than 3 Months to Less Than 6 Months)","","-7.5%","sale","l10n_id_tax_group_pph42","7.5% 28-404-14","percent","-7.5","l10n_id_domestic_fiscal_position","base","","","invoice","",""
"","","","","","","","","","","","","","tax","","","invoice","l10n_id_61100120",""
"","","","","","","","","","","","","","base","","","refund","",""
"","","","","","","","","","","","","","tax","","","refund","l10n_id_61100120",""
"tax_28-404-15","l10n_id.tax_facility_na_ebupot","l10n_id.tax_category_28-404-15_ebupot","False","Income from Monetary Instruments and/or Certain Financial Instruments in Indonesia (Foreign Exchange Currency Sourced from DHE SDA with a Tenor of 1 Month to Less Than 3 Months)","","-10%","sale","l10n_id_tax_group_pph42","10% 28-404-15","percent","-10.0","l10n_id_domestic_fiscal_position","base","","","invoice","",""
"","","","","","","","","","","","","","tax","","","invoice","l10n_id_61100120",""
"","","","","","","","","","","","","","base","","","refund","",""
"","","","","","","","","","","","","","tax","","","refund","l10n_id_61100120",""
"tax_28-404-16","l10n_id.tax_facility_na_ebupot","l10n_id.tax_category_28-404-16_ebupot","False","Income from Monetary Instruments and/or Certain Financial Instruments in Indonesia (IDR Currency Sourced from DHE SDA Tenor of 6 Months or More Than 6 Months)","","0%","sale","l10n_id_tax_group_pph42","0% 28-404-16","percent","0.0","l10n_id_domestic_fiscal_position","base","","","invoice","",""
"","","","","","","","","","","","","","tax","","","invoice","l10n_id_61100120",""
"","","","","","","","","","","","","","base","","","refund","",""
"","","","","","","","","","","","","","tax","","","refund","l10n_id_61100120",""
"tax_28-404-17","l10n_id.tax_facility_na_ebupot","l10n_id.tax_category_28-404-17_ebupot","False","Income from Monetary Instruments and/or Certain Financial Instruments in Indonesia (Foreign Exchange Currency Sourced from DHE SDA with a Tenor of 3 Months to Less Than 6 Months)","","-2.5%","sale","l10n_id_tax_group_pph42","2.5% 28-404-17","percent","-2.5","l10n_id_domestic_fiscal_position","base","","","invoice","",""
"","","","","","","","","","","","","","tax","","","invoice","l10n_id_61100120",""
"","","","","","","","","","","","","","base","","","refund","",""
"","","","","","","","","","","","","","tax","","","refund","l10n_id_61100120",""
"tax_28-403-04","l10n_id.tax_facility_na_ebupot","l10n_id.tax_category_28-403-04_ebupot","True","Rental of Land and/or Buildings in Connection with the Implementation of Government Projects Financed by Grants or Foreign Loan Funds","","-10%","sale","l10n_id_tax_group_pph42","10% 28-403-04","percent","-10.0","l10n_id_domestic_fiscal_position","base","","","invoice","",""
"","","","","","","","","","","","","","tax","","","invoice","l10n_id_61100120",""
"","","","","","","","","","","","","","base","","","refund","",""
"","","","","","","","","","","","","","tax","","","refund","l10n_id_61100120",""
"tax_28-409-43","l10n_id.tax_facility_na_ebupot","l10n_id.tax_category_28-409-43_ebupot","False","Construction Work Carried Out by Service Providers Who Have a Small Business Entity Qualification Certificate or a Work Competency Certificate for Individual Businesses in Connection with the Implementation of Government Projects Financed by Grants or Foreign Loan Funds","","-1.75%","sale","l10n_id_tax_group_pph42","1.75% 28-409-43","percent","-1.75","l10n_id_domestic_fiscal_position","base","","","invoice","",""
"","","","","","","","","","","","","","tax","","","invoice","l10n_id_61100120",""
"","","","","","","","","","","","","","base","","","refund","",""
"","","","","","","","","","","","","","tax","","","refund","l10n_id_61100120",""
"tax_28-409-44","l10n_id.tax_facility_na_ebupot","l10n_id.tax_category_28-409-44_ebupot","False","Construction Work Carried Out by Service Providers Who Do Not Have a Business Entity Certificate or Work Competency Certificate for Individual Businesses in Connection with the Implementation of Government Projects Financed by Grants or Foreign Loan Funds","","-4%","sale","l10n_id_tax_group_pph42","4% 28-409-44","percent","-4.0","l10n_id_domestic_fiscal_position","base","","","invoice","",""
"","","","","","","","","","","","","","tax","","","invoice","l10n_id_61100120",""
"","","","","","","","","","","","","","base","","","refund","",""
"","","","","","","","","","","","","","tax","","","refund","l10n_id_61100120",""
"tax_28-409-45","l10n_id.tax_facility_na_ebupot","l10n_id.tax_category_28-409-45_ebupot","False","Construction Work Carried Out by Service Providers Who Have Certificates Other Than Small Business Qualification Certificates or Work Competency Certificates for Individual Businesses in Connection with the Implementation of Government Projects Financed by Grants or Foreign Loan Funds","","-2.65%","sale","l10n_id_tax_group_pph42","2.65% 28-409-45","percent","-2.65","l10n_id_domestic_fiscal_position","base","","","invoice","",""
"","","","","","","","","","","","","","tax","","","invoice","l10n_id_61100120",""
"","","","","","","","","","","","","","base","","","refund","",""
"","","","","","","","","","","","","","tax","","","refund","l10n_id_61100120",""
"tax_28-409-46","l10n_id.tax_facility_na_ebupot","l10n_id.tax_category_28-409-46_ebupot","False","Integrated Construction Work Carried Out by Service Providers Holding a Business Entity Certificate in Connection with the Implementation of Government Projects Financed by Foreign Grants or Loan Funds","","-2.65%","sale","l10n_id_tax_group_pph42","2.65% 28-409-46","percent","-2.65","l10n_id_domestic_fiscal_position","base","","","invoice","",""
"","","","","","","","","","","","","","tax","","","invoice","l10n_id_61100120",""
"","","","","","","","","","","","","","base","","","refund","",""
"","","","","","","","","","","","","","tax","","","refund","l10n_id_61100120",""
"tax_28-409-47","l10n_id.tax_facility_na_ebupot","l10n_id.tax_category_28-409-47_ebupot","False","Integrated Construction Work Carried Out by Service Providers Who Do Not Have a Business Entity Certificate in Connection with the Implementation of Government Projects Financed by Foreign Grants or Loan Funds","","-4%","sale","l10n_id_tax_group_pph42","4% 28-409-47","percent","-4.0","l10n_id_domestic_fiscal_position","base","","","invoice","",""
"","","","","","","","","","","","","","tax","","","invoice","l10n_id_61100120",""
"","","","","","","","","","","","","","base","","","refund","",""
"","","","","","","","","","","","","","tax","","","refund","l10n_id_61100120",""
"tax_28-409-48","l10n_id.tax_facility_na_ebupot","l10n_id.tax_category_28-409-48_ebupot","False","Construction Consultancy Services Carried Out by Service Providers Who Have a Business Entity Certificate or Work Competency Certificate for Individual Businesses in Connection with the Implementation of Government Projects Financed by Grants or Foreign Loan Funds","","-3.5%","sale","l10n_id_tax_group_pph42","3.5% 28-409-48","percent","-3.5","l10n_id_domestic_fiscal_position","base","","","invoice","",""
"","","","","","","","","","","","","","tax","","","invoice","l10n_id_61100120",""
"","","","","","","","","","","","","","base","","","refund","",""
"","","","","","","","","","","","","","tax","","","refund","l10n_id_61100120",""
"tax_28-409-49","l10n_id.tax_facility_na_ebupot","l10n_id.tax_category_28-409-49_ebupot","False","Construction Consultancy Services Carried Out by Service Providers Who Do Not Have a Business Entity Certificate or Work Competency Certificate for Individual Businesses in Connection with the Implementation of Government Projects Financed by Grants or Foreign Loan Funds","","-6%","sale","l10n_id_tax_group_pph42","6% 28-409-49","percent","-6.0","l10n_id_domestic_fiscal_position","base","","","invoice","",""
"","","","","","","","","","","","","","tax","","","invoice","l10n_id_61100120",""
"","","","","","","","","","","","","","base","","","refund","",""
"","","","","","","","","","","","","","tax","","","refund","l10n_id_61100120",""
"tax_28-409-50","l10n_id.tax_facility_na_ebupot","l10n_id.tax_category_28-409-50_ebupot","False","Construction Services in the Form of Construction Planning Services (With Business Qualifications) in Connection with the Implementation of Government Projects Financed by Grants or Foreign Loan Funds","","-4%","sale","l10n_id_tax_group_pph42","4% 28-409-50","percent","-4.0","l10n_id_domestic_fiscal_position","base","","","invoice","",""
"","","","","","","","","","","","","","tax","","","invoice","l10n_id_61100120",""
"","","","","","","","","","","","","","base","","","refund","",""
"","","","","","","","","","","","","","tax","","","refund","l10n_id_61100120",""
"tax_28-409-51","l10n_id.tax_facility_na_ebupot","l10n_id.tax_category_28-409-51_ebupot","False","Construction Services in the Form of Construction Planning Services (Without Business Qualification) in Connection with the Implementation of Government Projects Financed by Grants or Foreign Loan Funds","","-6%","sale","l10n_id_tax_group_pph42","6% 28-409-51","percent","-6.0","l10n_id_domestic_fiscal_position","base","","","invoice","",""
"","","","","","","","","","","","","","tax","","","invoice","l10n_id_61100120",""
"","","","","","","","","","","","","","base","","","refund","",""
"","","","","","","","","","","","","","tax","","","refund","l10n_id_61100120",""
"tax_28-409-52","l10n_id.tax_facility_na_ebupot","l10n_id.tax_category_28-409-52_ebupot","False","Construction Services in the Form of Construction Implementation Services (Small Business Qualification) in Connection with the Implementation of Government Projects Financed by Grants or Foreign Loan Funds","","-2%","sale","l10n_id_tax_group_pph42","2% 28-409-52","percent","-2.0","l10n_id_domestic_fiscal_position","base","","","invoice","",""
"","","","","","","","","","","","","","tax","","","invoice","l10n_id_61100120",""
"","","","","","","","","","","","","","base","","","refund","",""
"","","","","","","","","","","","","","tax","","","refund","l10n_id_61100120",""
"tax_28-409-53","l10n_id.tax_facility_na_ebupot","l10n_id.tax_category_28-409-53_ebupot","False","Construction Services in the Form of Construction Implementation Services (Medium and Large Business Qualification) in connection with the Implementation of Government Projects Financed by Grants or Foreign Loan Funds","","-3%","sale","l10n_id_tax_group_pph42","3% 28-409-53","percent","-3.0","l10n_id_domestic_fiscal_position","base","","","invoice","",""
"","","","","","","","","","","","","","tax","","","invoice","l10n_id_61100120",""
"","","","","","","","","","","","","","base","","","refund","",""
"","","","","","","","","","","","","","tax","","","refund","l10n_id_61100120",""
"tax_28-409-54","l10n_id.tax_facility_na_ebupot","l10n_id.tax_category_28-409-54_ebupot","False","Construction Services in the Form of Construction Implementation Services (Without Business Qualification) in Connection with the Implementation of Government Projects Financed by Grants or Foreign Loan Funds","","-4%","sale","l10n_id_tax_group_pph42","4% 28-409-54","percent","-4.0","l10n_id_domestic_fiscal_position","base","","","invoice","",""
"","","","","","","","","","","","","","tax","","","invoice","l10n_id_61100120",""
"","","","","","","","","","","","","","base","","","refund","",""
"","","","","","","","","","","","","","tax","","","refund","l10n_id_61100120",""
"tax_28-409-55","l10n_id.tax_facility_na_ebupot","l10n_id.tax_category_28-409-55_ebupot","False","Construction Services in the Form of Construction Supervision Services (With Business Qualifications) in Connection with the Implementation of Government Projects Financed by Grants or Foreign Loan Funds","","-4%","sale","l10n_id_tax_group_pph42","4% 28-409-55","percent","-4.0","l10n_id_domestic_fiscal_position","base","","","invoice","",""
"","","","","","","","","","","","","","tax","","","invoice","l10n_id_61100120",""
"","","","","","","","","","","","","","base","","","refund","",""
"","","","","","","","","","","","","","tax","","","refund","l10n_id_61100120",""
"tax_28-409-56","l10n_id.tax_facility_na_ebupot","l10n_id.tax_category_28-409-56_ebupot","False","Construction Services in the Form of Construction Supervision Services (Without Business Qualification) in Connection with the Implementation of Government Projects Financed by Grants or Foreign Loan Funds","","-6%","sale","l10n_id_tax_group_pph42","6% 28-409-56","percent","-6.0","l10n_id_domestic_fiscal_position","base","","","invoice","",""
"","","","","","","","","","","","","","tax","","","invoice","l10n_id_61100120",""
"","","","","","","","","","","","","","base","","","refund","",""
"","","","","","","","","","","","","","tax","","","refund","l10n_id_61100120",""
"tax_28-402-04","l10n_id.tax_facility_na_ebupot","l10n_id.tax_category_28-402-04_ebupot","False","Transfer of Rights to Land and/or Buildings in Connection with the Implementation of Government Projects Financed by Grants or Foreign Loan Funds","","-2.5%","sale","l10n_id_tax_group_pph42","2.5% 28-402-04","percent","-2.5","l10n_id_domestic_fiscal_position","base","","","invoice","",""
"","","","","","","","","","","","","","tax","","","invoice","l10n_id_61100120",""
"","","","","","","","","","","","","","base","","","refund","",""
"","","","","","","","","","","","","","tax","","","refund","l10n_id_61100120",""
"tax_28-410-06","l10n_id.tax_facility_na_ebupot","l10n_id.tax_category_28-410-06_ebupot","False","Compensation Paid/Owed to Domestic Shipping Companies in Connection with the Implementation of Government Projects Financed by Foreign Grants or Loan Funds","","-1.2%","sale","l10n_id_tax_group_pph42","1.2% 28-410-06","percent","-1.2","l10n_id_domestic_fiscal_position","base","","","invoice","",""
"","","","","","","","","","","","","","tax","","","invoice","l10n_id_61100120",""
"","","","","","","","","","","","","","base","","","refund","",""
"","","","","","","","","","","","","","tax","","","refund","l10n_id_61100120",""
"tax_28-411-05","l10n_id.tax_facility_na_ebupot","l10n_id.tax_category_28-411-05_ebupot","False","Charter Fees for Ships and/or Aircraft Paid/Owed to Foreign Shipping and/or Aviation Companies through Permanent Establishments in Indonesia in connection with the Implementation of Government Projects Financed by Foreign Grants or Loan Funds","","-2.64%","sale","l10n_id_tax_group_pph42","2.64% 28-411-05","percent","-2.64","l10n_id_domestic_fiscal_position","base","","","invoice","",""
"","","","","","","","","","","","","","tax","","","invoice","l10n_id_61100120",""
"","","","","","","","","","","","","","base","","","refund","",""
"","","","","","","","","","","","","","tax","","","refund","l10n_id_61100120",""
"tax_28-410-05","l10n_id.tax_facility_na_ebupot","l10n_id.tax_category_28-410-05_ebupot","False","Rewards Received/Obtained in Connection with the Transportation of People and/or Goods Including the Chartering of Ships by Domestic Shipping Companies in Connection with the Implementation of Government Projects Financed by Grants or Foreign Loan Funds","","-1.2%","sale","l10n_id_tax_group_pph42","1.2% 28-410-05","percent","-1.2","l10n_id_domestic_fiscal_position","base","","","invoice","",""
"","","","","","","","","","","","","","tax","","","invoice","l10n_id_61100120",""
"","","","","","","","","","","","","","base","","","refund","",""
"","","","","","","","","","","","","","tax","","","refund","l10n_id_61100120",""
"tax_28-411-04","l10n_id.tax_facility_na_ebupot","l10n_id.tax_category_28-411-04_ebupot","False","Compensation Paid/Owed to Foreign Shipping and/or Aviation Companies in Connection with the Transportation of People and/or Goods (Other Than Based on Charter Agreements) in Connection with the Implementation of Government Projects Financed by Foreign Grants or Loan Funds","","-2.64%","sale","l10n_id_tax_group_pph42","2.64% 28-411-04","percent","-2.64","l10n_id_domestic_fiscal_position","base","","","invoice","",""
"","","","","","","","","","","","","","tax","","","invoice","l10n_id_61100120",""
"","","","","","","","","","","","","","base","","","refund","",""
"","","","","","","","","","","","","","tax","","","refund","l10n_id_61100120",""
"tax_28-423-14","l10n_id.tax_facility_na_ebupot","l10n_id.tax_category_28-423-14_ebupot","False","Withholding or collection of income tax on the sale of goods or provision of services carried out by Taxpayers with a certain gross turnover who earn income in connection with the implementation of government projects financed by foreign grants or loans.","","-0.5%","sale","l10n_id_tax_group_pph42","0.5% 28-423-14","percent","-0.5","l10n_id_domestic_fiscal_position","base","","","invoice","",""
"","","","","","","","","","","","","","tax","","","invoice","l10n_id_61100120",""
"","","","","","","","","","","","","","base","","","refund","",""
"","","","","","","","","","","","","","tax","","","refund","l10n_id_61100120",""
"tax_28-423-15","l10n_id.tax_facility_na_ebupot","l10n_id.tax_category_28-423-15_ebupot","False","Withholding or collection of Income Tax on transactions for the sale of goods or the delivery of services carried out by Taxpayers who meet certain requirements to be subject to final Income Tax at a rate of 0% in the IKN who earn income in connection with the implementation of government projects financed by Foreign Grants or Loans","","0%","sale","l10n_id_tax_group_pph42","0% 28-423-15","percent","0.0","l10n_id_domestic_fiscal_position","base","","","invoice","",""
"","","","","","","","","","","","","","tax","","","invoice","l10n_id_61100120",""
"","","","","","","","","","","","","","base","","","refund","",""
"","","","","","","","","","","","","","tax","","","refund","l10n_id_61100120",""
"tax_28-404-18","l10n_id.tax_facility_na_ebupot","l10n_id.tax_category_28-404-18_ebupot","False","Income from certain monetary instruments and/or financial instruments in Indonesia (IDR currency sourced from DHE SDA with a tenor of 1 month to less than 3 months)","","-5%","sale","l10n_id_tax_group_pph42","5% 28-404-18","percent","-5.0","l10n_id_domestic_fiscal_position","base","","","invoice","",""
"","","","","","","","","","","","","","tax","","","invoice","l10n_id_61100120",""
"","","","","","","","","","","","","","base","","","refund","",""
"","","","","","","","","","","","","","tax","","","refund","l10n_id_61100120",""
"tax_28-404-01","l10n_id.tax_facility_na_ebupot","l10n_id.tax_category_28-404-01_ebupot","False","Interest on Savings and Deposits Placed Domestically with Funds Sourced Other Than Export Proceeds (DHE)","","-20%","sale","l10n_id_tax_group_pph42","20% 28-404-01","percent","-20.0","l10n_id_domestic_fiscal_position","base","","","invoice","",""
"","","","","","","","","","","","","","tax","","","invoice","l10n_id_61100120",""
"","","","","","","","","","","","","","base","","","refund","",""
"","","","","","","","","","","","","","tax","","","refund","l10n_id_61100120",""
"tax_28-404-02","l10n_id.tax_facility_na_ebupot","l10n_id.tax_category_28-404-02_ebupot","False","Interest on Deposits Placed Domestically (IDR currency sourced from DHE with a 1-month tenor)","","-7.5%","sale","l10n_id_tax_group_pph42","7.5% 28-404-02","percent","-7.5","l10n_id_domestic_fiscal_position","base","","","invoice","",""
"","","","","","","","","","","","","","tax","","","invoice","l10n_id_61100120",""
"","","","","","","","","","","","","","base","","","refund","",""
"","","","","","","","","","","","","","tax","","","refund","l10n_id_61100120",""
"tax_28-404-03","l10n_id.tax_facility_na_ebupot","l10n_id.tax_category_28-404-03_ebupot","False","Interest on Deposits Placed Domestically (IDR currency sourced from DHE with a 3-month tenor)","","-5%","sale","l10n_id_tax_group_pph42","5% 28-404-03","percent","-5.0","l10n_id_domestic_fiscal_position","base","","","invoice","",""
"","","","","","","","","","","","","","tax","","","invoice","l10n_id_61100120",""
"","","","","","","","","","","","","","base","","","refund","",""
"","","","","","","","","","","","","","tax","","","refund","l10n_id_61100120",""
"tax_28-404-04","l10n_id.tax_facility_na_ebupot","l10n_id.tax_category_28-404-04_ebupot","False","Interest on Deposits Placed Domestically (IDR currency sourced from DHE with a tenor of 6 months or more)","","0%","sale","l10n_id_tax_group_pph42","0% 28-404-04","percent","0.0","l10n_id_domestic_fiscal_position","base","","","invoice","",""
"","","","","","","","","","","","","","tax","","","invoice","l10n_id_61100120",""
"","","","","","","","","","","","","","base","","","refund","",""
"","","","","","","","","","","","","","tax","","","refund","l10n_id_61100120",""
"tax_28-404-05","l10n_id.tax_facility_na_ebupot","l10n_id.tax_category_28-404-05_ebupot","False","Interest on Deposits Placed Domestically (USD currency sourced from DHE with a 1-month tenor)","","-10%","sale","l10n_id_tax_group_pph42","10% 28-404-05","percent","-10.0","l10n_id_domestic_fiscal_position","base","","","invoice","",""
"","","","","","","","","","","","","","tax","","","invoice","l10n_id_61100120",""
"","","","","","","","","","","","","","base","","","refund","",""
"","","","","","","","","","","","","","tax","","","refund","l10n_id_61100120",""
"tax_28-404-06","l10n_id.tax_facility_na_ebupot","l10n_id.tax_category_28-404-06_ebupot","False","Interest on Deposits Placed Domestically (USD currency sourced from DHE with a 3-month tenor)","","-7.5%","sale","l10n_id_tax_group_pph42","7.5% 28-404-06","percent","-7.5","l10n_id_domestic_fiscal_position","base","","","invoice","",""
"","","","","","","","","","","","","","tax","","","invoice","l10n_id_61100120",""
"","","","","","","","","","","","","","base","","","refund","",""
"","","","","","","","","","","","","","tax","","","refund","l10n_id_61100120",""
"tax_28-404-07","l10n_id.tax_facility_na_ebupot","l10n_id.tax_category_28-404-07_ebupot","False","Interest on Deposits Placed Domestically (USD currency sourced from DHE with a 6-month tenor)","","-2.5%","sale","l10n_id_tax_group_pph42","2.5% 28-404-07","percent","-2.5","l10n_id_domestic_fiscal_position","base","","","invoice","",""
"","","","","","","","","","","","","","tax","","","invoice","l10n_id_61100120",""
"","","","","","","","","","","","","","base","","","refund","",""
"","","","","","","","","","","","","","tax","","","refund","l10n_id_61100120",""
"tax_28-404-08","l10n_id.tax_facility_na_ebupot","l10n_id.tax_category_28-404-08_ebupot","False","Interest on Deposits Placed Domestically (USD currency sourced from DHE with a tenor of more than 6 months)","","0%","sale","l10n_id_tax_group_pph42","0% 28-404-08","percent","0.0","l10n_id_domestic_fiscal_position","base","","","invoice","",""
"","","","","","","","","","","","","","tax","","","invoice","l10n_id_61100120",""
"","","","","","","","","","","","","","base","","","refund","",""
"","","","","","","","","","","","","","tax","","","refund","l10n_id_61100120",""
"tax_28-404-09","l10n_id.tax_facility_na_ebupot","l10n_id.tax_category_28-404-09_ebupot","False","Interest on Deposits/Savings Placed Abroad Through Banks Established or Domiciled in Indonesia or Branches of Foreign Banks in Indonesia","","-20%","sale","l10n_id_tax_group_pph42","20% 28-404-09","percent","-20.0","l10n_id_domestic_fiscal_position","base","","","invoice","",""
"","","","","","","","","","","","","","tax","","","invoice","l10n_id_61100120",""
"","","","","","","","","","","","","","base","","","refund","",""
"","","","","","","","","","","","","","tax","","","refund","l10n_id_61100120",""
"tax_28-404-10","l10n_id.tax_facility_na_ebupot","l10n_id.tax_category_28-404-10_ebupot","False","Bank Indonesia Certificate Discount","","-20%","sale","l10n_id_tax_group_pph42","20% 28-404-10","percent","-20.0","l10n_id_domestic_fiscal_position","base","","","invoice","",""
"","","","","","","","","","","","","","tax","","","invoice","l10n_id_61100120",""
"","","","","","","","","","","","","","base","","","refund","",""
"","","","","","","","","","","","","","tax","","","refund","l10n_id_61100120",""
"tax_28-404-11","l10n_id.tax_facility_na_ebupot","l10n_id.tax_category_28-404-11_ebupot","False","Current account service","","-20%","sale","l10n_id_tax_group_pph42","20% 28-404-11","percent","-20.0","l10n_id_domestic_fiscal_position","base","","","invoice","",""
"","","","","","","","","","","","","","tax","","","invoice","l10n_id_61100120",""
"","","","","","","","","","","","","","base","","","refund","",""
"","","","","","","","","","","","","","tax","","","refund","l10n_id_61100120",""
"tax_28-401-01","l10n_id.tax_facility_na_ebupot","l10n_id.tax_category_28-401-01_ebupot","False","Interest on Bonds, Government Securities, or Regional Bonds Received by Domestic Taxpayers and Permanent Establishments.","","-15%","sale","l10n_id_tax_group_pph42","15% 28-401-01","percent","-15.0","l10n_id_domestic_fiscal_position","base","","","invoice","",""
"","","","","","","","","","","","","","tax","","","invoice","l10n_id_61100120",""
"","","","","","","","","","","","","","base","","","refund","",""
"","","","","","","","","","","","","","tax","","","refund","l10n_id_61100120",""
"tax_28-401-06","l10n_id.tax_facility_na_ebupot","l10n_id.tax_category_28-401-06_ebupot","False","Bond Interest Received by Domestic Taxpayers and Permanent Establishments","","-10%","sale","l10n_id_tax_group_pph42","10% 28-401-06","percent","-10.0","l10n_id_domestic_fiscal_position","base","","","invoice","",""
"","","","","","","","","","","","","","tax","","","invoice","l10n_id_61100120",""
"","","","","","","","","","","","","","base","","","refund","",""
"","","","","","","","","","","","","","tax","","","refund","l10n_id_61100120",""
"tax_28-401-03","l10n_id.tax_facility_na_ebupot","l10n_id.tax_category_28-401-03_ebupot","False","Bond Interest Received by Domestic Taxpayers and Permanent Establishments Administered by BI","","-10%","sale","l10n_id_tax_group_pph42","10% 28-401-03","percent","-10.0","l10n_id_domestic_fiscal_position","base","","","invoice","",""
"","","","","","","","","","","","","","tax","","","invoice","l10n_id_61100120",""
"","","","","","","","","","","","","","base","","","refund","",""
"","","","","","","","","","","","","","tax","","","refund","l10n_id_61100120",""
"tax_28-401-04","l10n_id.tax_facility_na_ebupot","l10n_id.tax_category_28-401-04_ebupot","False","Discount on State Treasury Bills Received by Domestic Taxpayers and Permanent Establishments","","-20%","sale","l10n_id_tax_group_pph42","20% 28-401-04","percent","-20.0","l10n_id_domestic_fiscal_position","base","","","invoice","",""
"","","","","","","","","","","","","","tax","","","invoice","l10n_id_61100120",""
"","","","","","","","","","","","","","base","","","refund","",""
"","","","","","","","","","","","","","tax","","","refund","l10n_id_61100120",""
"tax_28-401-05","l10n_id.tax_facility_na_ebupot","l10n_id.tax_category_28-401-05_ebupot","False","Discount on State Treasury Bills Received by Taxpayers Resident/Domiciled Abroad","","-20%","sale","l10n_id_tax_group_pph42","20% 28-401-05","percent","-20.0","l10n_id_domestic_fiscal_position","base","","","invoice","",""
"","","","","","","","","","","","","","tax","","","invoice","l10n_id_61100120",""
"","","","","","","","","","","","","","base","","","refund","",""
"","","","","","","","","","","","","","tax","","","refund","l10n_id_61100120",""
"tax_28-407-01","l10n_id.tax_facility_na_ebupot","l10n_id.tax_category_28-407-01_ebupot","False","Share Sales Transactions on the Stock Exchange (Founder's Shares)","","-0.5%","sale","l10n_id_tax_group_pph42","0.5% 28-407-01","percent","-0.5","l10n_id_domestic_fiscal_position","base","","","invoice","",""
"","","","","","","","","","","","","","tax","","","invoice","l10n_id_61100120",""
"","","","","","","","","","","","","","base","","","refund","",""
"","","","","","","","","","","","","","tax","","","refund","l10n_id_61100120",""
"tax_28-406-01","l10n_id.tax_facility_na_ebupot","l10n_id.tax_category_28-406-01_ebupot","False","Share Sales Transactions on the Stock Exchange (Not Founder Shares)","","-0.1%","sale","l10n_id_tax_group_pph42","0.1% 28-406-01","percent","-0.1","l10n_id_domestic_fiscal_position","base","","","invoice","",""
"","","","","","","","","","","","","","tax","","","invoice","l10n_id_61100120",""
"","","","","","","","","","","","","","base","","","refund","",""
"","","","","","","","","","","","","","tax","","","refund","l10n_id_61100120",""
"tax_28-408-01","l10n_id.tax_facility_na_ebupot","l10n_id.tax_category_28-408-01_ebupot","False","Transactions for the Sale of Shares Owned by Venture Capital Companies Not on the Stock Exchange","","-0.1%","sale","l10n_id_tax_group_pph42","0.1% 28-408-01","percent","-0.1","l10n_id_domestic_fiscal_position","base","","","invoice","",""
"","","","","","","","","","","","","","tax","","","invoice","l10n_id_61100120",""
"","","","","","","","","","","","","","base","","","refund","",""
"","","","","","","","","","","","","","tax","","","refund","l10n_id_61100120",""
"tax_28-403-02","l10n_id.tax_facility_na_ebupot","l10n_id.tax_category_28-403-02_ebupot","True","Land and/or Building Rental","","-10%","sale","l10n_id_tax_group_pph42","10% 28-403-02","percent","-10.0","l10n_id_domestic_fiscal_position","base","","","invoice","",""
"","","","","","","","","","","","","","tax","","","invoice","l10n_id_61100120",""
"","","","","","","","","","","","","","base","","","refund","",""
"","","","","","","","","","","","","","tax","","","refund","l10n_id_61100120",""
"tax_28-405-01","l10n_id.tax_facility_na_ebupot","l10n_id.tax_category_28-405-01_ebupot","True","Raffle Prizes","","-25%","sale","l10n_id_tax_group_pph42","25% 28-405-01","percent","-25.0","l10n_id_domestic_fiscal_position","base","","","invoice","",""
"","","","","","","","","","","","","","tax","","","invoice","l10n_id_61100120",""
"","","","","","","","","","","","","","base","","","refund","",""
"","","","","","","","","","","","","","tax","","","refund","l10n_id_61100120",""
"tax_28-409-22","l10n_id.tax_facility_na_ebupot","l10n_id.tax_category_28-409-22_ebupot","False","Construction Work Carried Out by Service Providers Who Have a Small Business Entity Qualification Certificate or a Work Competency Certificate for Individual Businesses","","-1.75%","sale","l10n_id_tax_group_pph42","1.75% 28-409-22","percent","-1.75","l10n_id_domestic_fiscal_position","base","","","invoice","",""
"","","","","","","","","","","","","","tax","","","invoice","l10n_id_61100120",""
"","","","","","","","","","","","","","base","","","refund","",""
"","","","","","","","","","","","","","tax","","","refund","l10n_id_61100120",""
"tax_28-409-23","l10n_id.tax_facility_na_ebupot","l10n_id.tax_category_28-409-23_ebupot","False","Construction Work Carried Out by Service Providers Who Do Not Have a Business Entity Certificate or Work Competency Certificate for Individual Businesses","","-4%","sale","l10n_id_tax_group_pph42","4% 28-409-23","percent","-4.0","l10n_id_domestic_fiscal_position","base","","","invoice","",""
"","","","","","","","","","","","","","tax","","","invoice","l10n_id_61100120",""
"","","","","","","","","","","","","","base","","","refund","",""
"","","","","","","","","","","","","","tax","","","refund","l10n_id_61100120",""
"tax_28-409-24","l10n_id.tax_facility_na_ebupot","l10n_id.tax_category_28-409-24_ebupot","False","Construction Work Carried Out by Service Providers Who Have Certificates Other Than Small Business Qualification Certificates or Work Competency Certificates for Individual Businesses","","-2.65%","sale","l10n_id_tax_group_pph42","2.65% 28-409-24","percent","-2.65","l10n_id_domestic_fiscal_position","base","","","invoice","",""
"","","","","","","","","","","","","","tax","","","invoice","l10n_id_61100120",""
"","","","","","","","","","","","","","base","","","refund","",""
"","","","","","","","","","","","","","tax","","","refund","l10n_id_61100120",""
"tax_28-409-25_purchase","l10n_id.tax_facility_na_ebupot","l10n_id.tax_category_28-409-25_ebupot","False","Integrated Construction Work Carried Out by Service Providers with Business Entity Certificates","","-2.65%","purchase","l10n_id_tax_group_pph42","2.65% 28-409-25","percent","-2.65","l10n_id_domestic_fiscal_position","base","","","invoice","",""
"","","","","","","","","","","","","","tax","","","invoice","l10n_id_21210050",""
"","","","","","","","","","","","","","base","","","refund","",""
"","","","","","","","","","","","","","tax","","","refund","l10n_id_21210050",""
"tax_28-409-26_purchase","l10n_id.tax_facility_na_ebupot","l10n_id.tax_category_28-409-26_ebupot","False","Integrated Construction Work Carried Out by Service Providers Who Do Not Have a Business Entity Certificate","","-4%","purchase","l10n_id_tax_group_pph42","4% 28-409-26","percent","-4.0","l10n_id_domestic_fiscal_position","base","","","invoice","",""
"","","","","","","","","","","","","","tax","","","invoice","l10n_id_21210050",""
"","","","","","","","","","","","","","base","","","refund","",""
"","","","","","","","","","","","","","tax","","","refund","l10n_id_21210050",""
"tax_28-409-27_purchase","l10n_id.tax_facility_na_ebupot","l10n_id.tax_category_28-409-27_ebupot","False","Construction Consulting Services Carried Out by Service Providers Who Have a Business Entity Certificate or Work Competency Certificate for Individual Businesses","","-3.5%","purchase","l10n_id_tax_group_pph42","3.5% 28-409-27","percent","-3.5","l10n_id_domestic_fiscal_position","base","","","invoice","",""
"","","","","","","","","","","","","","tax","","","invoice","l10n_id_21210050",""
"","","","","","","","","","","","","","base","","","refund","",""
"","","","","","","","","","","","","","tax","","","refund","l10n_id_21210050",""
"tax_28-409-28_purchase","l10n_id.tax_facility_na_ebupot","l10n_id.tax_category_28-409-28_ebupot","False","Construction Consultancy Services Carried Out by Service Providers Who Do Not Have a Business Entity Certificate or Work Competency Certificate for Individual Businesses","","-6%","purchase","l10n_id_tax_group_pph42","6% 28-409-28","percent","-6.0","l10n_id_domestic_fiscal_position","base","","","invoice","",""
"","","","","","","","","","","","","","tax","","","invoice","l10n_id_21210050",""
"","","","","","","","","","","","","","base","","","refund","",""
"","","","","","","","","","","","","","tax","","","refund","l10n_id_21210050",""
"tax_28-417-01_purchase","l10n_id.tax_facility_na_ebupot","l10n_id.tax_category_28-417-01_ebupot","False","Interest on Savings Paid by Cooperatives to Individual Taxpayer Members (interest up to IDR 240,000.00)","","0%","purchase","l10n_id_tax_group_pph42","0% 28-417-01","percent","0.0","l10n_id_domestic_fiscal_position","base","","","invoice","",""
"","","","","","","","","","","","","","tax","","","invoice","l10n_id_21210050",""
"","","","","","","","","","","","","","base","","","refund","",""
"","","","","","","","","","","","","","tax","","","refund","l10n_id_21210050",""
"tax_28-417-02_purchase","l10n_id.tax_facility_na_ebupot","l10n_id.tax_category_28-417-02_ebupot","False","Interest on Savings Paid by Cooperatives to Individual Taxpayer Members (interest above IDR 240,000.00)","","-10%","purchase","l10n_id_tax_group_pph42","10% 28-417-02","percent","-10.0","l10n_id_domestic_fiscal_position","base","","","invoice","",""
"","","","","","","","","","","","","","tax","","","invoice","l10n_id_21210050",""
"","","","","","","","","","","","","","base","","","refund","",""
"","","","","","","","","","","","","","tax","","","refund","l10n_id_21210050",""
"tax_28-419-01_purchase","l10n_id.tax_facility_na_ebupot","l10n_id.tax_category_28-419-01_ebupot","False","Dividends Received/Obtained by Domestic Individual Taxpayers","","-10%","purchase","l10n_id_tax_group_pph42","10% 28-419-01","percent","-10.0","l10n_id_domestic_fiscal_position","base","","","invoice","",""
"","","","","","","","","","","","","","tax","","","invoice","l10n_id_21210050",""
"","","","","","","","","","","","","","base","","","refund","",""
"","","","","","","","","","","","","","tax","","","refund","l10n_id_21210050",""
"tax_28-423-01_purchase","l10n_id.tax_facility_na_ebupot","l10n_id.tax_category_28-423-01_ebupot","False","Withholding or collection of Income Tax on the sale of goods or provision of services carried out by Taxpayers with a certain gross turnover in accordance with Government Regulation Number 23 of 2018 or Government Regulation Number 55 of 2022.","","-0.5%","purchase","l10n_id_tax_group_pph42","0.5% 28-423-01","percent","-0.5","l10n_id_domestic_fiscal_position","base","","","invoice","",""
"","","","","","","","","","","","","","tax","","","invoice","l10n_id_21210050",""
"","","","","","","","","","","","","","base","","","refund","",""
"","","","","","","","","","","","","","tax","","","refund","l10n_id_21210050",""
"tax_28-423-02_purchase","l10n_id.tax_facility_na_ebupot","l10n_id.tax_category_28-423-02_ebupot","False","Withholding or collection of Income Tax on purchase transactions carried out by Taxpayers with a certain gross turnover in accordance with Government Regulation Number 55 of 2022.","","-0.5%","purchase","l10n_id_tax_group_pph42","0.5% 28-423-02","percent","-0.5","l10n_id_domestic_fiscal_position","base","","","invoice","",""
"","","","","","","","","","","","","","tax","","","invoice","l10n_id_21210050",""
"","","","","","","","","","","","","","base","","","refund","",""
"","","","","","","","","","","","","","tax","","","refund","l10n_id_21210050",""
"tax_28-410-02_purchase","l10n_id.tax_facility_na_ebupot","l10n_id.tax_category_28-410-02_ebupot","False","Remuneration Paid/Owed to Domestic Shipping Companies","","-1.2%","purchase","l10n_id_tax_group_pph42","1.2% 28-410-02","percent","-1.2","l10n_id_domestic_fiscal_position","base","","","invoice","",""
"","","","","","","","","","","","","","tax","","","invoice","l10n_id_21210050",""
"","","","","","","","","","","","","","base","","","refund","",""
"","","","","","","","","","","","","","tax","","","refund","l10n_id_21210050",""
"tax_28-411-02_purchase","l10n_id.tax_facility_na_ebupot","l10n_id.tax_category_28-411-02_ebupot","False","Remuneration for Chartering Ships and/or Aircraft Paid/Owed to Foreign Shipping and/or Aviation Companies through a Permanent Establishment in Indonesia","","-2.64%","purchase","l10n_id_tax_group_pph42","2.64% 28-411-02","percent","-2.64","l10n_id_domestic_fiscal_position","base","","","invoice","",""
"","","","","","","","","","","","","","tax","","","invoice","l10n_id_21210050",""
"","","","","","","","","","","","","","base","","","refund","",""
"","","","","","","","","","","","","","tax","","","refund","l10n_id_21210050",""
"tax_28-421-01_purchase","l10n_id.tax_facility_na_ebupot","l10n_id.tax_category_28-421-01_ebupot","False","Upstream Oil and Gas Uplift","","-20%","purchase","l10n_id_tax_group_pph42","20% 28-421-01","percent","-20.0","l10n_id_domestic_fiscal_position","base","","","invoice","",""
"","","","","","","","","","","","","","tax","","","invoice","l10n_id_21210050",""
"","","","","","","","","","","","","","base","","","refund","",""
"","","","","","","","","","","","","","tax","","","refund","l10n_id_21210050",""
"tax_28-421-02_purchase","l10n_id.tax_facility_na_ebupot","l10n_id.tax_category_28-421-02_ebupot","False","Participating Interest in Upstream Oil and Gas Exploration","","-5%","purchase","l10n_id_tax_group_pph42","5% 28-421-02","percent","-5.0","l10n_id_domestic_fiscal_position","base","","","invoice","",""
"","","","","","","","","","","","","","tax","","","invoice","l10n_id_21210050",""
"","","","","","","","","","","","","","base","","","refund","",""
"","","","","","","","","","","","","","tax","","","refund","l10n_id_21210050",""
"tax_28-421-03_purchase","l10n_id.tax_facility_na_ebupot","l10n_id.tax_category_28-421-03_ebupot","False","Participating Interest in Upstream Oil and Gas Exploitation","","-7%","purchase","l10n_id_tax_group_pph42","7% 28-421-03","percent","-7.0","l10n_id_domestic_fiscal_position","base","","","invoice","",""
"","","","","","","","","","","","","","tax","","","invoice","l10n_id_21210050",""
"","","","","","","","","","","","","","base","","","refund","",""
"","","","","","","","","","","","","","tax","","","refund","l10n_id_21210050",""
"tax_28-499-02_purchase","l10n_id.tax_facility_na_ebupot","l10n_id.tax_category_28-499-02_ebupot","False","Income Received or Obtained in Connection with Cooperation with Investment Management Institutions (LPI)","","-7.5%","purchase","l10n_id_tax_group_pph42","7.5% 28-499-02","percent","-7.5","l10n_id_domestic_fiscal_position","base","","","invoice","",""
"","","","","","","","","","","","","","tax","","","invoice","l10n_id_21210050",""
"","","","","","","","","","","","","","base","","","refund","",""
"","","","","","","","","","","","","","tax","","","refund","l10n_id_21210050",""
"tax_28-402-01_purchase","l10n_id.tax_facility_na_ebupot","l10n_id.tax_category_28-402-01_ebupot","False","Transfer of Rights to Land and/or Buildings","","-2.5%","purchase","l10n_id_tax_group_pph42","2.5% 28-402-01","percent","-2.5","l10n_id_domestic_fiscal_position","base","","","invoice","",""
"","","","","","","","","","","","","","tax","","","invoice","l10n_id_21210050",""
"","","","","","","","","","","","","","base","","","refund","",""
"","","","","","","","","","","","","","tax","","","refund","l10n_id_21210050",""
"tax_28-402-02_purchase","l10n_id.tax_facility_na_ebupot","l10n_id.tax_category_28-402-02_ebupot","False","Transfer of Simple Houses and Simple Flats Carried Out by WPs Whose Main Business Is Transferring Rights to Land and/or Buildings","","-1%","purchase","l10n_id_tax_group_pph42","1% 28-402-02","percent","-1.0","l10n_id_domestic_fiscal_position","base","","","invoice","",""
"","","","","","","","","","","","","","tax","","","invoice","l10n_id_21210050",""
"","","","","","","","","","","","","","base","","","refund","",""
"","","","","","","","","","","","","","tax","","","refund","l10n_id_21210050",""
"tax_28-402-03_purchase","l10n_id.tax_facility_na_ebupot","l10n_id.tax_category_28-402-03_ebupot","False","Transfer of Rights to Land and/or Buildings to the Government, State-Owned Enterprises that Receive Special Assignments from the Government, or Regional-Owned Enterprises that Receive Special Assignments from the Regional Head, in accordance with the Law concerning Land Acquisition for Development in the Public Interest","","0%","purchase","l10n_id_tax_group_pph42","0% 28-402-03","percent","0.0","l10n_id_domestic_fiscal_position","base","","","invoice","",""
"","","","","","","","","","","","","","tax","","","invoice","l10n_id_21210050",""
"","","","","","","","","","","","","","base","","","refund","",""
"","","","","","","","","","","","","","tax","","","refund","l10n_id_21210050",""
"tax_28-410-01_purchase","l10n_id.tax_facility_na_ebupot","l10n_id.tax_category_28-410-01_ebupot","False","Rewards Received/Obtained in Connection with the Transportation of People and/or Goods Including the Chartering of Ships by Domestic Shipping Companies","","-1.2%","purchase","l10n_id_tax_group_pph42","1.2% 28-410-01","percent","-1.2","l10n_id_domestic_fiscal_position","base","","","invoice","",""
"","","","","","","","","","","","","","tax","","","invoice","l10n_id_21210050",""
"","","","","","","","","","","","","","base","","","refund","",""
"","","","","","","","","","","","","","tax","","","refund","l10n_id_21210050",""
"tax_28-411-01_purchase","l10n_id.tax_facility_na_ebupot","l10n_id.tax_category_28-411-01_ebupot","False","Compensation Paid/Owed to Shipping Companies and/or Foreign Airlines in Connection with the Transportation of People and/or Goods (Other Than Based on Charter Agreements)","","-2.64%","purchase","l10n_id_tax_group_pph42","2.64% 28-411-01","percent","-2.64","l10n_id_domestic_fiscal_position","base","","","invoice","",""
"","","","","","","","","","","","","","tax","","","invoice","l10n_id_21210050",""
"","","","","","","","","","","","","","base","","","refund","",""
"","","","","","","","","","","","","","tax","","","refund","l10n_id_21210050",""
"tax_28-413-01_purchase","l10n_id.tax_facility_na_ebupot","l10n_id.tax_category_28-413-01_ebupot","False","Income of Foreign Taxpayers Who Have Trade Representative Offices in Indonesia","","-0.44%","purchase","l10n_id_tax_group_pph42","0.44% 28-413-01","percent","-0.44","l10n_id_domestic_fiscal_position","base","","","invoice","",""
"","","","","","","","","","","","","","tax","","","invoice","l10n_id_21210050",""
"","","","","","","","","","","","","","base","","","refund","",""
"","","","","","","","","","","","","","tax","","","refund","l10n_id_21210050",""
"tax_28-499-01_purchase","l10n_id.tax_facility_na_ebupot","l10n_id.tax_category_28-499-01_ebupot","False","Income of Taxpayers Who Conduct International Contract Manufacturing Services in the Field of Children's Toy Production","","-2.1%","purchase","l10n_id_tax_group_pph42","2.1% 28-499-01","percent","-2.1","l10n_id_domestic_fiscal_position","base","","","invoice","",""
"","","","","","","","","","","","","","tax","","","invoice","l10n_id_21210050",""
"","","","","","","","","","","","","","base","","","refund","",""
"","","","","","","","","","","","","","tax","","","refund","l10n_id_21210050",""
"tax_28-423-03_purchase","l10n_id.tax_facility_na_ebupot","l10n_id.tax_category_28-423-03_ebupot","False","Withholding or collection of income tax on sales transactions of goods or delivery of services carried out by individual taxpayers who have a certain gross turnover in accordance with PP 55 of 2022 with a business turnover of up to IDR 500,000,000.00.","","-0.5%","purchase","l10n_id_tax_group_pph42","0.5% 28-423-03","percent","-0.5","l10n_id_domestic_fiscal_position","base","","","invoice","",""
"","","","","","","","","","","","","","tax","","","invoice","l10n_id_21210050",""
"","","","","","","","","","","","","","base","","","refund","",""
"","","","","","","","","","","","","","tax","","","refund","l10n_id_21210050",""
"tax_28-423-12_purchase","l10n_id.tax_facility_na_ebupot","l10n_id.tax_category_28-423-12_ebupot","False","Withholding or collection of income tax on transactions for the sale of goods or the provision of services carried out by Taxpayers who meet certain requirements to be subject to final income tax at a rate of 0% in the IKN (UMKM income tax in the IKN).","","0%","purchase","l10n_id_tax_group_pph42","0% 28-423-12","percent","0.0","l10n_id_domestic_fiscal_position","base","","","invoice","",""
"","","","","","","","","","","","","","tax","","","invoice","l10n_id_21210050",""
"","","","","","","","","","","","","","base","","","refund","",""
"","","","","","","","","","","","","","tax","","","refund","l10n_id_21210050",""
"tax_28-423-13_purchase","l10n_id.tax_facility_na_ebupot","l10n_id.tax_category_28-423-13_ebupot","False","Withholding or collection of Income Tax on purchase transactions carried out by Taxpayers who utilize the final Income Tax facility with a 0% rate in the IKN (UMKM Income Tax in the IKN).","","0%","purchase","l10n_id_tax_group_pph42","0% 28-423-13","percent","0.0","l10n_id_domestic_fiscal_position","base","","","invoice","",""
"","","","","","","","","","","","","","tax","","","invoice","l10n_id_21210050",""
"","","","","","","","","","","","","","base","","","refund","",""
"","","","","","","","","","","","","","tax","","","refund","l10n_id_21210050",""
"tax_28-404-12_purchase","l10n_id.tax_facility_na_ebupot","l10n_id.tax_category_28-404-12_ebupot","False","Income from Monetary Instruments and/or Certain Financial Instruments in Indonesia (Foreign Exchange Currency Sourced from DHE SDA with a Tenor of More Than 6 Months)","","0%","purchase","l10n_id_tax_group_pph42","0% 28-404-12","percent","0.0","l10n_id_domestic_fiscal_position","base","","","invoice","",""
"","","","","","","","","","","","","","tax","","","invoice","l10n_id_21210050",""
"","","","","","","","","","","","","","base","","","refund","",""
"","","","","","","","","","","","","","tax","","","refund","l10n_id_21210050",""
"tax_28-404-13_purchase","l10n_id.tax_facility_na_ebupot","l10n_id.tax_category_28-404-13_ebupot","False","Income from Monetary Instruments and/or Certain Financial Instruments in Indonesia (Foreign Exchange Currency Sourced from DHE SDA with a Tenor of 6 Months)","","-2.5%","purchase","l10n_id_tax_group_pph42","2.5% 28-404-13","percent","-2.5","l10n_id_domestic_fiscal_position","base","","","invoice","",""
"","","","","","","","","","","","","","tax","","","invoice","l10n_id_21210050",""
"","","","","","","","","","","","","","base","","","refund","",""
"","","","","","","","","","","","","","tax","","","refund","l10n_id_21210050",""
"tax_28-404-14_purchase","l10n_id.tax_facility_na_ebupot","l10n_id.tax_category_28-404-14_ebupot","False","Income from Monetary Instruments and/or Certain Financial Instruments in Indonesia (Foreign Exchange Currency Sourced from DHE SDA with Tenor of More Than 3 Months to Less Than 6 Months)","","-7.5%","purchase","l10n_id_tax_group_pph42","7.5% 28-404-14","percent","-7.5","l10n_id_domestic_fiscal_position","base","","","invoice","",""
"","","","","","","","","","","","","","tax","","","invoice","l10n_id_21210050",""
"","","","","","","","","","","","","","base","","","refund","",""
"","","","","","","","","","","","","","tax","","","refund","l10n_id_21210050",""
"tax_28-404-15_purchase","l10n_id.tax_facility_na_ebupot","l10n_id.tax_category_28-404-15_ebupot","False","Income from Monetary Instruments and/or Certain Financial Instruments in Indonesia (Foreign Exchange Currency Sourced from DHE SDA with a Tenor of 1 Month to Less Than 3 Months)","","-10%","purchase","l10n_id_tax_group_pph42","10% 28-404-15","percent","-10.0","l10n_id_domestic_fiscal_position","base","","","invoice","",""
"","","","","","","","","","","","","","tax","","","invoice","l10n_id_21210050",""
"","","","","","","","","","","","","","base","","","refund","",""
"","","","","","","","","","","","","","tax","","","refund","l10n_id_21210050",""
"tax_28-404-16_purchase","l10n_id.tax_facility_na_ebupot","l10n_id.tax_category_28-404-16_ebupot","False","Income from Monetary Instruments and/or Certain Financial Instruments in Indonesia (IDR Currency Sourced from DHE SDA Tenor of 6 Months or More Than 6 Months)","","0%","purchase","l10n_id_tax_group_pph42","0% 28-404-16","percent","0.0","l10n_id_domestic_fiscal_position","base","","","invoice","",""
"","","","","","","","","","","","","","tax","","","invoice","l10n_id_21210050",""
"","","","","","","","","","","","","","base","","","refund","",""
"","","","","","","","","","","","","","tax","","","refund","l10n_id_21210050",""
"tax_28-404-17_purchase","l10n_id.tax_facility_na_ebupot","l10n_id.tax_category_28-404-17_ebupot","False","Income from Monetary Instruments and/or Certain Financial Instruments in Indonesia (Foreign Exchange Currency Sourced from DHE SDA with a Tenor of 3 Months to Less Than 6 Months)","","-2.5%","purchase","l10n_id_tax_group_pph42","2.5% 28-404-17","percent","-2.5","l10n_id_domestic_fiscal_position","base","","","invoice","",""
"","","","","","","","","","","","","","tax","","","invoice","l10n_id_21210050",""
"","","","","","","","","","","","","","base","","","refund","",""
"","","","","","","","","","","","","","tax","","","refund","l10n_id_21210050",""
"tax_28-403-04_purchase","l10n_id.tax_facility_na_ebupot","l10n_id.tax_category_28-403-04_ebupot","True","Rental of Land and/or Buildings in Connection with the Implementation of Government Projects Financed by Grants or Foreign Loan Funds","","-10%","purchase","l10n_id_tax_group_pph42","10% 28-403-04","percent","-10.0","l10n_id_domestic_fiscal_position","base","","","invoice","",""
"","","","","","","","","","","","","","tax","","","invoice","l10n_id_21210050",""
"","","","","","","","","","","","","","base","","","refund","",""
"","","","","","","","","","","","","","tax","","","refund","l10n_id_21210050",""
"tax_28-409-43_purchase","l10n_id.tax_facility_na_ebupot","l10n_id.tax_category_28-409-43_ebupot","False","Construction Work Carried Out by Service Providers Who Have a Small Business Entity Qualification Certificate or a Work Competency Certificate for Individual Businesses in Connection with the Implementation of Government Projects Financed by Grants or Foreign Loan Funds","","-1.75%","purchase","l10n_id_tax_group_pph42","1.75% 28-409-43","percent","-1.75","l10n_id_domestic_fiscal_position","base","","","invoice","",""
"","","","","","","","","","","","","","tax","","","invoice","l10n_id_21210050",""
"","","","","","","","","","","","","","base","","","refund","",""
"","","","","","","","","","","","","","tax","","","refund","l10n_id_21210050",""
"tax_28-409-44_purchase","l10n_id.tax_facility_na_ebupot","l10n_id.tax_category_28-409-44_ebupot","False","Construction Work Carried Out by Service Providers Who Do Not Have a Business Entity Certificate or Work Competency Certificate for Individual Businesses in Connection with the Implementation of Government Projects Financed by Grants or Foreign Loan Funds","","-4%","purchase","l10n_id_tax_group_pph42","4% 28-409-44","percent","-4.0","l10n_id_domestic_fiscal_position","base","","","invoice","",""
"","","","","","","","","","","","","","tax","","","invoice","l10n_id_21210050",""
"","","","","","","","","","","","","","base","","","refund","",""
"","","","","","","","","","","","","","tax","","","refund","l10n_id_21210050",""
"tax_28-409-45_purchase","l10n_id.tax_facility_na_ebupot","l10n_id.tax_category_28-409-45_ebupot","False","Construction Work Carried Out by Service Providers Who Have Certificates Other Than Small Business Qualification Certificates or Work Competency Certificates for Individual Businesses in Connection with the Implementation of Government Projects Financed by Grants or Foreign Loan Funds","","-2.65%","purchase","l10n_id_tax_group_pph42","2.65% 28-409-45","percent","-2.65","l10n_id_domestic_fiscal_position","base","","","invoice","",""
"","","","","","","","","","","","","","tax","","","invoice","l10n_id_21210050",""
"","","","","","","","","","","","","","base","","","refund","",""
"","","","","","","","","","","","","","tax","","","refund","l10n_id_21210050",""
"tax_28-409-46_purchase","l10n_id.tax_facility_na_ebupot","l10n_id.tax_category_28-409-46_ebupot","False","Integrated Construction Work Carried Out by Service Providers Holding a Business Entity Certificate in Connection with the Implementation of Government Projects Financed by Foreign Grants or Loan Funds","","-2.65%","purchase","l10n_id_tax_group_pph42","2.65% 28-409-46","percent","-2.65","l10n_id_domestic_fiscal_position","base","","","invoice","",""
"","","","","","","","","","","","","","tax","","","invoice","l10n_id_21210050",""
"","","","","","","","","","","","","","base","","","refund","",""
"","","","","","","","","","","","","","tax","","","refund","l10n_id_21210050",""
"tax_28-409-47_purchase","l10n_id.tax_facility_na_ebupot","l10n_id.tax_category_28-409-47_ebupot","False","Integrated Construction Work Carried Out by Service Providers Who Do Not Have a Business Entity Certificate in Connection with the Implementation of Government Projects Financed by Foreign Grants or Loan Funds","","-4%","purchase","l10n_id_tax_group_pph42","4% 28-409-47","percent","-4.0","l10n_id_domestic_fiscal_position","base","","","invoice","",""
"","","","","","","","","","","","","","tax","","","invoice","l10n_id_21210050",""
"","","","","","","","","","","","","","base","","","refund","",""
"","","","","","","","","","","","","","tax","","","refund","l10n_id_21210050",""
"tax_28-409-48_purchase","l10n_id.tax_facility_na_ebupot","l10n_id.tax_category_28-409-48_ebupot","False","Construction Consultancy Services Carried Out by Service Providers Who Have a Business Entity Certificate or Work Competency Certificate for Individual Businesses in Connection with the Implementation of Government Projects Financed by Grants or Foreign Loan Funds","","-3.5%","purchase","l10n_id_tax_group_pph42","3.5% 28-409-48","percent","-3.5","l10n_id_domestic_fiscal_position","base","","","invoice","",""
"","","","","","","","","","","","","","tax","","","invoice","l10n_id_21210050",""
"","","","","","","","","","","","","","base","","","refund","",""
"","","","","","","","","","","","","","tax","","","refund","l10n_id_21210050",""
"tax_28-409-49_purchase","l10n_id.tax_facility_na_ebupot","l10n_id.tax_category_28-409-49_ebupot","False","Construction Consultancy Services Carried Out by Service Providers Who Do Not Have a Business Entity Certificate or Work Competency Certificate for Individual Businesses in Connection with the Implementation of Government Projects Financed by Grants or Foreign Loan Funds","","-6%","purchase","l10n_id_tax_group_pph42","6% 28-409-49","percent","-6.0","l10n_id_domestic_fiscal_position","base","","","invoice","",""
"","","","","","","","","","","","","","tax","","","invoice","l10n_id_21210050",""
"","","","","","","","","","","","","","base","","","refund","",""
"","","","","","","","","","","","","","tax","","","refund","l10n_id_21210050",""
"tax_28-409-50_purchase","l10n_id.tax_facility_na_ebupot","l10n_id.tax_category_28-409-50_ebupot","False","Construction Services in the Form of Construction Planning Services (With Business Qualifications) in Connection with the Implementation of Government Projects Financed by Grants or Foreign Loan Funds","","-4%","purchase","l10n_id_tax_group_pph42","4% 28-409-50","percent","-4.0","l10n_id_domestic_fiscal_position","base","","","invoice","",""
"","","","","","","","","","","","","","tax","","","invoice","l10n_id_21210050",""
"","","","","","","","","","","","","","base","","","refund","",""
"","","","","","","","","","","","","","tax","","","refund","l10n_id_21210050",""
"tax_28-409-51_purchase","l10n_id.tax_facility_na_ebupot","l10n_id.tax_category_28-409-51_ebupot","False","Construction Services in the Form of Construction Planning Services (Without Business Qualification) in Connection with the Implementation of Government Projects Financed by Grants or Foreign Loan Funds","","-6%","purchase","l10n_id_tax_group_pph42","6% 28-409-51","percent","-6.0","l10n_id_domestic_fiscal_position","base","","","invoice","",""
"","","","","","","","","","","","","","tax","","","invoice","l10n_id_21210050",""
"","","","","","","","","","","","","","base","","","refund","",""
"","","","","","","","","","","","","","tax","","","refund","l10n_id_21210050",""
"tax_28-409-52_purchase","l10n_id.tax_facility_na_ebupot","l10n_id.tax_category_28-409-52_ebupot","False","Construction Services in the Form of Construction Implementation Services (Small Business Qualification) in Connection with the Implementation of Government Projects Financed by Grants or Foreign Loan Funds","","-2%","purchase","l10n_id_tax_group_pph42","2% 28-409-52","percent","-2.0","l10n_id_domestic_fiscal_position","base","","","invoice","",""
"","","","","","","","","","","","","","tax","","","invoice","l10n_id_21210050",""
"","","","","","","","","","","","","","base","","","refund","",""
"","","","","","","","","","","","","","tax","","","refund","l10n_id_21210050",""
"tax_28-409-53_purchase","l10n_id.tax_facility_na_ebupot","l10n_id.tax_category_28-409-53_ebupot","False","Construction Services in the Form of Construction Implementation Services (Medium and Large Business Qualification) in connection with the Implementation of Government Projects Financed by Grants or Foreign Loan Funds","","-3%","purchase","l10n_id_tax_group_pph42","3% 28-409-53","percent","-3.0","l10n_id_domestic_fiscal_position","base","","","invoice","",""
"","","","","","","","","","","","","","tax","","","invoice","l10n_id_21210050",""
"","","","","","","","","","","","","","base","","","refund","",""
"","","","","","","","","","","","","","tax","","","refund","l10n_id_21210050",""
"tax_28-409-54_purchase","l10n_id.tax_facility_na_ebupot","l10n_id.tax_category_28-409-54_ebupot","False","Construction Services in the Form of Construction Implementation Services (Without Business Qualification) in Connection with the Implementation of Government Projects Financed by Grants or Foreign Loan Funds","","-4%","purchase","l10n_id_tax_group_pph42","4% 28-409-54","percent","-4.0","l10n_id_domestic_fiscal_position","base","","","invoice","",""
"","","","","","","","","","","","","","tax","","","invoice","l10n_id_21210050",""
"","","","","","","","","","","","","","base","","","refund","",""
"","","","","","","","","","","","","","tax","","","refund","l10n_id_21210050",""
"tax_28-409-55_purchase","l10n_id.tax_facility_na_ebupot","l10n_id.tax_category_28-409-55_ebupot","False","Construction Services in the Form of Construction Supervision Services (With Business Qualifications) in Connection with the Implementation of Government Projects Financed by Grants or Foreign Loan Funds","","-4%","purchase","l10n_id_tax_group_pph42","4% 28-409-55","percent","-4.0","l10n_id_domestic_fiscal_position","base","","","invoice","",""
"","","","","","","","","","","","","","tax","","","invoice","l10n_id_21210050",""
"","","","","","","","","","","","","","base","","","refund","",""
"","","","","","","","","","","","","","tax","","","refund","l10n_id_21210050",""
"tax_28-409-56_purchase","l10n_id.tax_facility_na_ebupot","l10n_id.tax_category_28-409-56_ebupot","False","Construction Services in the Form of Construction Supervision Services (Without Business Qualification) in Connection with the Implementation of Government Projects Financed by Grants or Foreign Loan Funds","","-6%","purchase","l10n_id_tax_group_pph42","6% 28-409-56","percent","-6.0","l10n_id_domestic_fiscal_position","base","","","invoice","",""
"","","","","","","","","","","","","","tax","","","invoice","l10n_id_21210050",""
"","","","","","","","","","","","","","base","","","refund","",""
"","","","","","","","","","","","","","tax","","","refund","l10n_id_21210050",""
"tax_28-402-04_purchase","l10n_id.tax_facility_na_ebupot","l10n_id.tax_category_28-402-04_ebupot","False","Transfer of Rights to Land and/or Buildings in Connection with the Implementation of Government Projects Financed by Grants or Foreign Loan Funds","","-2.5%","purchase","l10n_id_tax_group_pph42","2.5% 28-402-04","percent","-2.5","l10n_id_domestic_fiscal_position","base","","","invoice","",""
"","","","","","","","","","","","","","tax","","","invoice","l10n_id_21210050",""
"","","","","","","","","","","","","","base","","","refund","",""
"","","","","","","","","","","","","","tax","","","refund","l10n_id_21210050",""
"tax_28-410-06_purchase","l10n_id.tax_facility_na_ebupot","l10n_id.tax_category_28-410-06_ebupot","False","Compensation Paid/Owed to Domestic Shipping Companies in Connection with the Implementation of Government Projects Financed by Foreign Grants or Loan Funds","","-1.2%","purchase","l10n_id_tax_group_pph42","1.2% 28-410-06","percent","-1.2","l10n_id_domestic_fiscal_position","base","","","invoice","",""
"","","","","","","","","","","","","","tax","","","invoice","l10n_id_21210050",""
"","","","","","","","","","","","","","base","","","refund","",""
"","","","","","","","","","","","","","tax","","","refund","l10n_id_21210050",""
"tax_28-411-05_purchase","l10n_id.tax_facility_na_ebupot","l10n_id.tax_category_28-411-05_ebupot","False","Charter Fees for Ships and/or Aircraft Paid/Owed to Foreign Shipping and/or Aviation Companies through Permanent Establishments in Indonesia in connection with the Implementation of Government Projects Financed by Foreign Grants or Loan Funds","","-2.64%","purchase","l10n_id_tax_group_pph42","2.64% 28-411-05","percent","-2.64","l10n_id_domestic_fiscal_position","base","","","invoice","",""
"","","","","","","","","","","","","","tax","","","invoice","l10n_id_21210050",""
"","","","","","","","","","","","","","base","","","refund","",""
"","","","","","","","","","","","","","tax","","","refund","l10n_id_21210050",""
"tax_28-410-05_purchase","l10n_id.tax_facility_na_ebupot","l10n_id.tax_category_28-410-05_ebupot","False","Rewards Received/Obtained in Connection with the Transportation of People and/or Goods Including the Chartering of Ships by Domestic Shipping Companies in Connection with the Implementation of Government Projects Financed by Grants or Foreign Loan Funds","","-1.2%","purchase","l10n_id_tax_group_pph42","1.2% 28-410-05","percent","-1.2","l10n_id_domestic_fiscal_position","base","","","invoice","",""
"","","","","","","","","","","","","","tax","","","invoice","l10n_id_21210050",""
"","","","","","","","","","","","","","base","","","refund","",""
"","","","","","","","","","","","","","tax","","","refund","l10n_id_21210050",""
"tax_28-411-04_purchase","l10n_id.tax_facility_na_ebupot","l10n_id.tax_category_28-411-04_ebupot","False","Compensation Paid/Owed to Foreign Shipping and/or Aviation Companies in Connection with the Transportation of People and/or Goods (Other Than Based on Charter Agreements) in Connection with the Implementation of Government Projects Financed by Foreign Grants or Loan Funds","","-2.64%","purchase","l10n_id_tax_group_pph42","2.64% 28-411-04","percent","-2.64","l10n_id_domestic_fiscal_position","base","","","invoice","",""
"","","","","","","","","","","","","","tax","","","invoice","l10n_id_21210050",""
"","","","","","","","","","","","","","base","","","refund","",""
"","","","","","","","","","","","","","tax","","","refund","l10n_id_21210050",""
"tax_28-423-14_purchase","l10n_id.tax_facility_na_ebupot","l10n_id.tax_category_28-423-14_ebupot","False","Withholding or collection of income tax on the sale of goods or provision of services carried out by Taxpayers with a certain gross turnover who earn income in connection with the implementation of government projects financed by foreign grants or loans.","","-0.5%","purchase","l10n_id_tax_group_pph42","0.5% 28-423-14","percent","-0.5","l10n_id_domestic_fiscal_position","base","","","invoice","",""
"","","","","","","","","","","","","","tax","","","invoice","l10n_id_21210050",""
"","","","","","","","","","","","","","base","","","refund","",""
"","","","","","","","","","","","","","tax","","","refund","l10n_id_21210050",""
"tax_28-423-15_purchase","l10n_id.tax_facility_na_ebupot","l10n_id.tax_category_28-423-15_ebupot","False","Withholding or collection of Income Tax on transactions for the sale of goods or the delivery of services carried out by Taxpayers who meet certain requirements to be subject to final Income Tax at a rate of 0% in the IKN who earn income in connection with the implementation of government projects financed by Foreign Grants or Loans","","0%","purchase","l10n_id_tax_group_pph42","0% 28-423-15","percent","0.0","l10n_id_domestic_fiscal_position","base","","","invoice","",""
"","","","","","","","","","","","","","tax","","","invoice","l10n_id_21210050",""
"","","","","","","","","","","","","","base","","","refund","",""
"","","","","","","","","","","","","","tax","","","refund","l10n_id_21210050",""
"tax_28-404-18_purchase","l10n_id.tax_facility_na_ebupot","l10n_id.tax_category_28-404-18_ebupot","False","Income from certain monetary instruments and/or financial instruments in Indonesia (IDR currency sourced from DHE SDA with a tenor of 1 month to less than 3 months)","","-5%","purchase","l10n_id_tax_group_pph42","5% 28-404-18","percent","-5.0","l10n_id_domestic_fiscal_position","base","","","invoice","",""
"","","","","","","","","","","","","","tax","","","invoice","l10n_id_21210050",""
"","","","","","","","","","","","","","base","","","refund","",""
"","","","","","","","","","","","","","tax","","","refund","l10n_id_21210050",""
"tax_28-404-01_purchase","l10n_id.tax_facility_na_ebupot","l10n_id.tax_category_28-404-01_ebupot","False","Interest on Savings and Deposits Placed Domestically with Funds Sourced Other Than Export Proceeds (DHE)","","-20%","purchase","l10n_id_tax_group_pph42","20% 28-404-01","percent","-20.0","l10n_id_domestic_fiscal_position","base","","","invoice","",""
"","","","","","","","","","","","","","tax","","","invoice","l10n_id_21210050",""
"","","","","","","","","","","","","","base","","","refund","",""
"","","","","","","","","","","","","","tax","","","refund","l10n_id_21210050",""
"tax_28-404-02_purchase","l10n_id.tax_facility_na_ebupot","l10n_id.tax_category_28-404-02_ebupot","False","Interest on Deposits Placed Domestically (IDR currency sourced from DHE with a 1-month tenor)","","-7.5%","purchase","l10n_id_tax_group_pph42","7.5% 28-404-02","percent","-7.5","l10n_id_domestic_fiscal_position","base","","","invoice","",""
"","","","","","","","","","","","","","tax","","","invoice","l10n_id_21210050",""
"","","","","","","","","","","","","","base","","","refund","",""
"","","","","","","","","","","","","","tax","","","refund","l10n_id_21210050",""
"tax_28-404-03_purchase","l10n_id.tax_facility_na_ebupot","l10n_id.tax_category_28-404-03_ebupot","False","Interest on Deposits Placed Domestically (IDR currency sourced from DHE with a 3-month tenor)","","-5%","purchase","l10n_id_tax_group_pph42","5% 28-404-03","percent","-5.0","l10n_id_domestic_fiscal_position","base","","","invoice","",""
"","","","","","","","","","","","","","tax","","","invoice","l10n_id_21210050",""
"","","","","","","","","","","","","","base","","","refund","",""
"","","","","","","","","","","","","","tax","","","refund","l10n_id_21210050",""
"tax_28-404-04_purchase","l10n_id.tax_facility_na_ebupot","l10n_id.tax_category_28-404-04_ebupot","False","Interest on Deposits Placed Domestically (IDR currency sourced from DHE with a tenor of 6 months or more)","","0%","purchase","l10n_id_tax_group_pph42","0% 28-404-04","percent","0.0","l10n_id_domestic_fiscal_position","base","","","invoice","",""
"","","","","","","","","","","","","","tax","","","invoice","l10n_id_21210050",""
"","","","","","","","","","","","","","base","","","refund","",""
"","","","","","","","","","","","","","tax","","","refund","l10n_id_21210050",""
"tax_28-404-05_purchase","l10n_id.tax_facility_na_ebupot","l10n_id.tax_category_28-404-05_ebupot","False","Interest on Deposits Placed Domestically (USD currency sourced from DHE with a 1-month tenor)","","-10%","purchase","l10n_id_tax_group_pph42","10% 28-404-05","percent","-10.0","l10n_id_domestic_fiscal_position","base","","","invoice","",""
"","","","","","","","","","","","","","tax","","","invoice","l10n_id_21210050",""
"","","","","","","","","","","","","","base","","","refund","",""
"","","","","","","","","","","","","","tax","","","refund","l10n_id_21210050",""
"tax_28-404-06_purchase","l10n_id.tax_facility_na_ebupot","l10n_id.tax_category_28-404-06_ebupot","False","Interest on Deposits Placed Domestically (USD currency sourced from DHE with a 3-month tenor)","","-7.5%","purchase","l10n_id_tax_group_pph42","7.5% 28-404-06","percent","-7.5","l10n_id_domestic_fiscal_position","base","","","invoice","",""
"","","","","","","","","","","","","","tax","","","invoice","l10n_id_21210050",""
"","","","","","","","","","","","","","base","","","refund","",""
"","","","","","","","","","","","","","tax","","","refund","l10n_id_21210050",""
"tax_28-404-07_purchase","l10n_id.tax_facility_na_ebupot","l10n_id.tax_category_28-404-07_ebupot","False","Interest on Deposits Placed Domestically (USD currency sourced from DHE with a 6-month tenor)","","-2.5%","purchase","l10n_id_tax_group_pph42","2.5% 28-404-07","percent","-2.5","l10n_id_domestic_fiscal_position","base","","","invoice","",""
"","","","","","","","","","","","","","tax","","","invoice","l10n_id_21210050",""
"","","","","","","","","","","","","","base","","","refund","",""
"","","","","","","","","","","","","","tax","","","refund","l10n_id_21210050",""
"tax_28-404-08_purchase","l10n_id.tax_facility_na_ebupot","l10n_id.tax_category_28-404-08_ebupot","False","Interest on Deposits Placed Domestically (USD currency sourced from DHE with a tenor of more than 6 months)","","0%","purchase","l10n_id_tax_group_pph42","0% 28-404-08","percent","0.0","l10n_id_domestic_fiscal_position","base","","","invoice","",""
"","","","","","","","","","","","","","tax","","","invoice","l10n_id_21210050",""
"","","","","","","","","","","","","","base","","","refund","",""
"","","","","","","","","","","","","","tax","","","refund","l10n_id_21210050",""
"tax_28-404-09_purchase","l10n_id.tax_facility_na_ebupot","l10n_id.tax_category_28-404-09_ebupot","False","Interest on Deposits/Savings Placed Abroad Through Banks Established or Domiciled in Indonesia or Branches of Foreign Banks in Indonesia","","-20%","purchase","l10n_id_tax_group_pph42","20% 28-404-09","percent","-20.0","l10n_id_domestic_fiscal_position","base","","","invoice","",""
"","","","","","","","","","","","","","tax","","","invoice","l10n_id_21210050",""
"","","","","","","","","","","","","","base","","","refund","",""
"","","","","","","","","","","","","","tax","","","refund","l10n_id_21210050",""
"tax_28-404-10_purchase","l10n_id.tax_facility_na_ebupot","l10n_id.tax_category_28-404-10_ebupot","False","Bank Indonesia Certificate Discount","","-20%","purchase","l10n_id_tax_group_pph42","20% 28-404-10","percent","-20.0","l10n_id_domestic_fiscal_position","base","","","invoice","",""
"","","","","","","","","","","","","","tax","","","invoice","l10n_id_21210050",""
"","","","","","","","","","","","","","base","","","refund","",""
"","","","","","","","","","","","","","tax","","","refund","l10n_id_21210050",""
"tax_28-404-11_purchase","l10n_id.tax_facility_na_ebupot","l10n_id.tax_category_28-404-11_ebupot","False","Current account service","","-20%","purchase","l10n_id_tax_group_pph42","20% 28-404-11","percent","-20.0","l10n_id_domestic_fiscal_position","base","","","invoice","",""
"","","","","","","","","","","","","","tax","","","invoice","l10n_id_21210050",""
"","","","","","","","","","","","","","base","","","refund","",""
"","","","","","","","","","","","","","tax","","","refund","l10n_id_21210050",""
"tax_28-401-01_purchase","l10n_id.tax_facility_na_ebupot","l10n_id.tax_category_28-401-01_ebupot","False","Interest on Bonds, Government Securities, or Regional Bonds Received by Domestic Taxpayers and Permanent Establishments.","","-15%","purchase","l10n_id_tax_group_pph42","15% 28-401-01","percent","-15.0","l10n_id_domestic_fiscal_position","base","","","invoice","",""
"","","","","","","","","","","","","","tax","","","invoice","l10n_id_21210050",""
"","","","","","","","","","","","","","base","","","refund","",""
"","","","","","","","","","","","","","tax","","","refund","l10n_id_21210050",""
"tax_28-401-06_purchase","l10n_id.tax_facility_na_ebupot","l10n_id.tax_category_28-401-06_ebupot","False","Bond Interest Received by Domestic Taxpayers and Permanent Establishments","","-10%","purchase","l10n_id_tax_group_pph42","10% 28-401-06","percent","-10.0","l10n_id_domestic_fiscal_position","base","","","invoice","",""
"","","","","","","","","","","","","","tax","","","invoice","l10n_id_21210050",""
"","","","","","","","","","","","","","base","","","refund","",""
"","","","","","","","","","","","","","tax","","","refund","l10n_id_21210050",""
"tax_28-401-03_purchase","l10n_id.tax_facility_na_ebupot","l10n_id.tax_category_28-401-03_ebupot","False","Bond Interest Received by Domestic Taxpayers and Permanent Establishments Administered by BI","","-10%","purchase","l10n_id_tax_group_pph42","10% 28-401-03","percent","-10.0","l10n_id_domestic_fiscal_position","base","","","invoice","",""
"","","","","","","","","","","","","","tax","","","invoice","l10n_id_21210050",""
"","","","","","","","","","","","","","base","","","refund","",""
"","","","","","","","","","","","","","tax","","","refund","l10n_id_21210050",""
"tax_28-401-04_purchase","l10n_id.tax_facility_na_ebupot","l10n_id.tax_category_28-401-04_ebupot","False","Discount on State Treasury Bills Received by Domestic Taxpayers and Permanent Establishments","","-20%","purchase","l10n_id_tax_group_pph42","20% 28-401-04","percent","-20.0","l10n_id_domestic_fiscal_position","base","","","invoice","",""
"","","","","","","","","","","","","","tax","","","invoice","l10n_id_21210050",""
"","","","","","","","","","","","","","base","","","refund","",""
"","","","","","","","","","","","","","tax","","","refund","l10n_id_21210050",""
"tax_28-401-05_purchase","l10n_id.tax_facility_na_ebupot","l10n_id.tax_category_28-401-05_ebupot","False","Discount on State Treasury Bills Received by Taxpayers Resident/Domiciled Abroad","","-20%","purchase","l10n_id_tax_group_pph42","20% 28-401-05","percent","-20.0","l10n_id_domestic_fiscal_position","base","","","invoice","",""
"","","","","","","","","","","","","","tax","","","invoice","l10n_id_21210050",""
"","","","","","","","","","","","","","base","","","refund","",""
"","","","","","","","","","","","","","tax","","","refund","l10n_id_21210050",""
"tax_28-407-01_purchase","l10n_id.tax_facility_na_ebupot","l10n_id.tax_category_28-407-01_ebupot","False","Share Sales Transactions on the Stock Exchange (Founder's Shares)","","-0.5%","purchase","l10n_id_tax_group_pph42","0.5% 28-407-01","percent","-0.5","l10n_id_domestic_fiscal_position","base","","","invoice","",""
"","","","","","","","","","","","","","tax","","","invoice","l10n_id_21210050",""
"","","","","","","","","","","","","","base","","","refund","",""
"","","","","","","","","","","","","","tax","","","refund","l10n_id_21210050",""
"tax_28-406-01_purchase","l10n_id.tax_facility_na_ebupot","l10n_id.tax_category_28-406-01_ebupot","False","Share Sales Transactions on the Stock Exchange (Not Founder Shares)","","-0.1%","purchase","l10n_id_tax_group_pph42","0.1% 28-406-01","percent","-0.1","l10n_id_domestic_fiscal_position","base","","","invoice","",""
"","","","","","","","","","","","","","tax","","","invoice","l10n_id_21210050",""
"","","","","","","","","","","","","","base","","","refund","",""
"","","","","","","","","","","","","","tax","","","refund","l10n_id_21210050",""
"tax_28-408-01_purchase","l10n_id.tax_facility_na_ebupot","l10n_id.tax_category_28-408-01_ebupot","False","Transactions for the Sale of Shares Owned by Venture Capital Companies Not on the Stock Exchange","","-0.1%","purchase","l10n_id_tax_group_pph42","0.1% 28-408-01","percent","-0.1","l10n_id_domestic_fiscal_position","base","","","invoice","",""
"","","","","","","","","","","","","","tax","","","invoice","l10n_id_21210050",""
"","","","","","","","","","","","","","base","","","refund","",""
"","","","","","","","","","","","","","tax","","","refund","l10n_id_21210050",""
"tax_28-403-02_purchase","l10n_id.tax_facility_na_ebupot","l10n_id.tax_category_28-403-02_ebupot","True","Land and/or Building Rental","","-10%","purchase","l10n_id_tax_group_pph42","10% 28-403-02","percent","-10.0","l10n_id_domestic_fiscal_position","base","","","invoice","",""
"","","","","","","","","","","","","","tax","","","invoice","l10n_id_21210050",""
"","","","","","","","","","","","","","base","","","refund","",""
"","","","","","","","","","","","","","tax","","","refund","l10n_id_21210050",""
"tax_28-405-01_purchase","l10n_id.tax_facility_na_ebupot","l10n_id.tax_category_28-405-01_ebupot","True","Raffle Prizes","","-25%","purchase","l10n_id_tax_group_pph42","25% 28-405-01","percent","-25.0","l10n_id_domestic_fiscal_position","base","","","invoice","",""
"","","","","","","","","","","","","","tax","","","invoice","l10n_id_21210050",""
"","","","","","","","","","","","","","base","","","refund","",""
"","","","","","","","","","","","","","tax","","","refund","l10n_id_21210050",""
"tax_28-409-22_purchase","l10n_id.tax_facility_na_ebupot","l10n_id.tax_category_28-409-22_ebupot","False","Construction Work Carried Out by Service Providers Who Have a Small Business Entity Qualification Certificate or a Work Competency Certificate for Individual Businesses","","-1.75%","purchase","l10n_id_tax_group_pph42","1.75% 28-409-22","percent","-1.75","l10n_id_domestic_fiscal_position","base","","","invoice","",""
"","","","","","","","","","","","","","tax","","","invoice","l10n_id_21210050",""
"","","","","","","","","","","","","","base","","","refund","",""
"","","","","","","","","","","","","","tax","","","refund","l10n_id_21210050",""
"tax_28-409-23_purchase","l10n_id.tax_facility_na_ebupot","l10n_id.tax_category_28-409-23_ebupot","False","Construction Work Carried Out by Service Providers Who Do Not Have a Business Entity Certificate or Work Competency Certificate for Individual Businesses","","-4%","purchase","l10n_id_tax_group_pph42","4% 28-409-23","percent","-4.0","l10n_id_domestic_fiscal_position","base","","","invoice","",""
"","","","","","","","","","","","","","tax","","","invoice","l10n_id_21210050",""
"","","","","","","","","","","","","","base","","","refund","",""
"","","","","","","","","","","","","","tax","","","refund","l10n_id_21210050",""
"tax_28-409-24_purchase","l10n_id.tax_facility_na_ebupot","l10n_id.tax_category_28-409-24_ebupot","False","Construction Work Carried Out by Service Providers Who Have Certificates Other Than Small Business Qualification Certificates or Work Competency Certificates for Individual Businesses","","-2.65%","purchase","l10n_id_tax_group_pph42","2.65% 28-409-24","percent","-2.65","l10n_id_domestic_fiscal_position","base","","","invoice","",""
"","","","","","","","","","","","","","tax","","","invoice","l10n_id_21210050",""
"","","","","","","","","","","","","","base","","","refund","",""
"","","","","","","","","","","","","","tax","","","refund","l10n_id_21210050",""
